date,open,high,low,close,volume,ETF_Turnover
2019-01-02,2298.18,2301.06,2252.75,2262.79,20880697,1.61
2019-01-03,2259.48,2287.78,2253.94,2269.24,18895240,1.32
2019-01-04,2252.74,2316.35,2249.37,2314.65,25900596,2.32
2019-01-07,2329.03,2331.6,2306.9,2314.32,25278948,1.25
2019-01-08,2312.17,2312.17,2298.95,2305.17,18131160,0.83
2019-01-09,2320.91,2360.36,2318.44,2332.72,28747596,2.18
2019-01-10,2333.22,2345.33,2321.3,2331.85,22280507,1.15
2019-01-11,2342.02,2360.06,2334.91,2354.5,18417693,1.3
2019-01-14,2350.26,2354.31,2330.0,2331.14,16462252,0.92
2019-01-15,2337.7,2380.6,2332.41,2378.37,22466336,2.45
2019-01-16,2375.17,2385.22,2366.34,2381.22,18097039,1.01
2019-01-17,2388.59,2396.8,2370.58,2371.35,21555000,0.84
2019-01-18,2385.62,2422.03,2380.56,2417.36,30088200,1.33
2019-01-21,2418.0,2443.23,2418.0,2432.49,26237236,1.14
2019-01-22,2430.43,2430.43,2394.18,2401.23,19373137,1.31
2019-01-23,2397.41,2414.02,2392.64,2397.05,16290135,1.17
2019-01-24,2401.38,2414.89,2385.1,2411.56,20415697,1.16
2019-01-25,2419.26,2453.67,2418.01,2441.64,25683679,1.79
2019-01-28,2455.28,2473.12,2429.88,2437.03,23468163,0.98
2019-01-29,2433.31,2461.52,2423.46,2455.9,21863480,1.23
2019-01-30,2445.86,2462.61,2439.33,2440.01,17835170,0.96
2019-01-31,2454.64,2487.1,2450.18,2483.47,26681298,1.5
2019-02-01,2502.1,2503.55,2479.34,2499.64,21950054,1.08
2019-02-11,2485.5,2528.38,2484.65,2527.47,25211570,1.33
2019-02-12,2528.1,2537.29,2515.03,2533.18,25458804,0.88
2019-02-13,2538.42,2587.88,2528.23,2580.61,39821832,1.49
2019-02-14,2572.64,2585.51,2564.87,2576.31,27718515,1.51
2019-02-15,2566.34,2568.79,2515.89,2517.46,30315796,1.81
2019-02-18,2540.53,2583.4,2540.3,2582.85,37400592,2.49
2019-02-19,2586.86,2614.36,2568.18,2579.05,37907379,2.29
2019-02-20,2593.79,2599.55,2569.98,2588.17,29965181,1.04
2019-02-21,2586.74,2615.47,2569.48,2577.23,35252855,2.17
2019-02-22,2576.0,2623.09,2555.73,2623.07,41384151,1.79
2019-02-25,2652.91,2788.67,2652.91,2787.7,96939052,4.01
2019-02-26,2781.31,2804.16,2729.48,2733.9,87230162,3.81
2019-02-27,2739.11,2794.93,2722.31,2750.34,75508864,2.87
2019-02-28,2749.87,2767.86,2733.03,2743.97,46340959,1.55
2019-03-01,2764.95,2819.47,2747.21,2819.47,56100147,2.15
2019-03-04,2839.4,2907.82,2816.98,2832.59,92180168,3.31
2019-03-05,2829.5,2835.11,2807.12,2828.87,60349235,1.9
2019-03-06,2827.86,2847.38,2797.5,2840.27,69492224,2.72
2019-03-07,2831.36,2831.36,2773.35,2789.7,73263959,2.31
2019-03-08,2731.53,2753.55,2684.2,2685.59,72033928,2.43
2019-03-11,2683.76,2714.09,2670.79,2708.6,52014052,2.22
2019-03-12,2730.53,2759.61,2704.69,2719.77,64867543,2.81
2019-03-13,2731.5,2747.96,2699.98,2723.96,54064571,2.79
2019-03-14,2720.19,2752.66,2716.27,2729.13,43471813,2.27
2019-03-15,2736.0,2783.51,2735.86,2755.81,44123095,2.72
2019-03-18,2763.23,2827.26,2749.2,2825.18,61605235,2.83
2019-03-19,2830.24,2842.45,2797.72,2806.9,43459057,1.75
2019-03-20,2799.33,2831.63,2787.28,2812.92,40322247,2.23
2019-03-21,2816.45,2822.63,2799.83,2802.96,43631386,1.72
2019-03-22,2804.72,2813.52,2771.96,2795.39,35988070,1.57
2019-03-25,2757.81,2765.84,2717.29,2718.18,52140915,2.92
2019-03-26,2737.37,2739.29,2693.91,2706.15,40073955,1.9
2019-03-27,2721.14,2751.72,2714.1,2741.59,33542018,2.22
2019-03-28,2728.04,2742.7,2709.39,2733.97,31840303,1.26
2019-03-29,2747.54,2845.23,2746.11,2838.51,59676669,2.96
2019-04-01,2860.14,2906.15,2860.14,2892.62,77912146,2.56
2019-04-02,2900.63,2903.87,2878.39,2888.53,61187461,1.94
2019-04-03,2869.85,2923.92,2865.3,2920.0,64723748,1.72
2019-04-04,2927.1,2959.59,2921.2,2951.98,73035717,1.61
2019-04-08,2978.5,3007.83,2938.65,2962.27,74531909,1.98
2019-04-09,2968.08,2980.12,2948.31,2967.51,50802143,1.92
2019-04-10,2957.27,2996.41,2941.35,2979.1,48692439,2.53
2019-04-11,2982.39,3000.1,2920.19,2928.43,42811144,1.68
2019-04-12,2920.55,2933.45,2903.27,2920.52,32521633,1.6
2019-04-15,2973.02,2999.33,2924.6,2924.93,58437527,2.83
2019-04-16,2914.99,3023.03,2909.67,3023.03,70764163,2.96
2019-04-17,3017.39,3035.41,2996.76,3017.42,49960676,2.25
2019-04-18,3014.91,3019.54,2993.27,3004.92,39670684,1.29
2019-04-19,3013.67,3043.93,2989.55,3042.43,39943672,3.23
2019-04-22,3047.43,3048.82,2962.36,2970.49,56759698,3.1
2019-04-23,2968.0,3007.35,2964.98,2978.85,41065456,2.0
2019-04-24,2989.96,3001.53,2933.53,2974.85,35425729,2.14
2019-04-25,2962.74,2973.22,2924.02,2928.0,38934483,2.63
2019-04-26,2913.77,2930.21,2892.53,2892.86,36562197,2.47
2019-04-29,2906.47,2968.16,2899.83,2939.41,39249355,2.17
2019-04-30,2935.24,2955.88,2919.49,2945.24,32127983,1.45
2019-05-06,2853.88,2867.6,2768.8,2805.04,62436063,4.15
2019-05-07,2814.47,2833.2,2777.73,2806.26,35418177,2.56
2019-05-08,2753.61,2796.47,2750.93,2758.24,30398772,2.02
2019-05-09,2740.35,2748.01,2686.47,2698.78,30758681,2.62
2019-05-10,2731.58,2798.87,2698.81,2793.76,39453278,5.52
2019-05-13,2751.76,2767.48,2736.84,2741.11,26590971,1.59
2019-05-14,2716.73,2754.69,2716.73,2724.73,26222018,2.48
2019-05-15,2743.78,2797.15,2743.78,2783.54,30718920,2.33
2019-05-16,2777.85,2793.76,2766.15,2791.41,28946302,1.39
2019-05-17,2792.08,2792.51,2728.93,2735.21,30072063,2.92
2019-05-20,2726.07,2746.66,2697.61,2715.43,31202646,2.77
2019-05-21,2717.87,2764.48,2712.04,2739.79,26969051,3.07
2019-05-22,2739.11,2745.86,2714.65,2725.73,23168729,2.04
2019-05-23,2710.57,2713.94,2679.54,2685.93,27810156,1.75
2019-05-24,2693.88,2722.34,2692.53,2702.03,21237076,1.33
2019-05-27,2696.26,2731.3,2667.38,2722.33,27243848,1.69
2019-05-28,2719.06,2759.78,2716.31,2748.8,34670056,2.37
2019-05-29,2728.44,2780.31,2724.85,2755.81,24940857,1.49
2019-05-30,2748.43,2752.69,2721.88,2742.96,24398405,0.94
2019-05-31,2740.3,2762.39,2728.95,2728.95,22188152,0.96
2019-06-03,2737.81,2762.08,2723.93,2743.06,27092220,1.34
2019-06-04,2744.7,2746.51,2713.8,2721.31,22275832,1.24
2019-06-05,2741.94,2747.23,2717.93,2719.59,25766253,1.12
2019-06-06,2727.7,2727.7,2701.92,2706.76,21390312,0.98
2019-06-10,2717.91,2752.88,2712.16,2743.37,27088081,1.98
2019-06-11,2750.54,2816.99,2750.54,2812.9,40850315,2.49
2019-06-12,2802.53,2805.01,2790.18,2796.73,26445230,1.21
2019-06-13,2798.02,2804.76,2771.86,2794.54,23452887,1.29
2019-06-14,2798.4,2816.18,2781.72,2785.61,26124830,0.96
2019-06-17,2785.47,2813.45,2785.47,2793.7,20477851,0.83
2019-06-18,2800.83,2809.87,2785.38,2806.45,21676404,1.01
2019-06-19,2872.07,2879.23,2842.42,2842.74,41160110,1.74
2019-06-20,2847.32,2954.03,2846.44,2942.63,57360369,3.68
2019-06-21,2939.65,2958.23,2929.9,2938.77,46560205,2.42
2019-06-24,2942.51,2958.02,2931.67,2949.52,29016018,1.15
2019-06-25,2946.02,2946.71,2875.37,2910.12,38165595,3.24
2019-06-26,2896.76,2915.24,2891.0,2903.49,24024660,1.22
2019-06-27,2917.2,2952.91,2914.96,2937.13,33472487,1.29
2019-06-28,2932.69,2937.29,2911.67,2930.6,23708671,1.58
2019-07-01,2984.65,3011.91,2978.75,3002.94,42622714,2.81
2019-07-02,3000.78,3003.88,2988.47,2999.08,34629488,0.96
2019-07-03,2990.05,2990.05,2953.7,2964.73,33918965,1.72
2019-07-04,2966.33,2974.8,2939.97,2953.27,32928834,1.51
2019-07-05,2952.71,2967.98,2937.6,2961.92,23845345,1.36
2019-07-08,2944.97,2944.97,2877.74,2897.51,33732588,1.65
2019-07-09,2894.33,2902.14,2872.03,2881.55,21374700,1.2
2019-07-10,2896.7,2897.58,2870.67,2878.78,18911521,0.91
2019-07-11,2897.47,2918.94,2879.64,2887.83,21157266,1.09
2019-07-12,2883.09,2912.9,2878.2,2902.13,21454210,1.55
2019-07-15,2885.98,2920.16,2850.1,2902.61,28196106,2.04
2019-07-16,2900.05,2905.11,2881.4,2884.56,17411517,1.11
2019-07-17,2877.49,2892.34,2866.47,2875.03,18099830,0.81
2019-07-18,2869.73,2872.24,2859.07,2859.16,19542086,0.95
2019-07-19,2875.96,2906.55,2875.9,2895.62,22451089,1.38
2019-07-22,2897.79,2905.35,2872.53,2881.9,23603184,1.42
2019-07-23,2885.7,2889.39,2871.51,2881.1,20448748,1.79
2019-07-24,2894.94,2923.4,2894.59,2906.55,26019871,2.13
2019-07-25,2911.01,2931.18,2903.31,2931.18,22933113,1.17
2019-07-26,2918.11,2943.07,2918.01,2939.35,23521864,0.88
2019-07-29,2936.64,2938.73,2922.68,2930.49,22372005,0.67
2019-07-30,2939.14,2958.3,2938.9,2944.03,22696980,0.84
2019-07-31,2931.85,2932.65,2906.71,2912.66,23888034,1.39
2019-08-01,2901.15,2909.47,2880.3,2887.87,24271683,1.07
2019-08-02,2837.37,2852.12,2831.66,2843.77,29943968,1.49
2019-08-05,2823.35,2828.48,2785.9,2786.72,28350976,1.6
2019-08-06,2736.68,2771.79,2718.21,2760.68,36941691,2.48
2019-08-07,2771.24,2773.94,2747.25,2747.25,24588464,1.56
2019-08-08,2771.45,2790.14,2768.71,2786.87,29406960,1.26
2019-08-09,2800.44,2802.81,2767.14,2772.15,25380966,0.67
2019-08-12,2787.44,2825.09,2782.77,2824.8,22136997,0.84
2019-08-13,2807.96,2812.49,2787.12,2792.91,21464034,0.68
2019-08-14,2827.04,2831.34,2803.86,2804.36,26108221,0.74
2019-08-15,2758.74,2815.15,2756.38,2814.39,25284675,1.07
2019-08-16,2817.27,2846.26,2805.81,2824.23,24147328,0.93
2019-08-19,2839.25,2877.47,2823.87,2877.23,41911167,1.18
2019-08-20,2869.16,2883.55,2864.71,2875.65,29817583,0.94
2019-08-21,2868.63,2875.01,2864.81,2869.22,21637444,0.57
2019-08-22,2878.73,2881.06,2862.44,2878.0,20493057,0.6
2019-08-23,2880.57,2923.93,2876.02,2917.38,24138057,1.5
2019-08-26,2869.46,2882.45,2854.51,2863.48,26436578,1.69
2019-08-27,2883.42,2915.84,2881.0,2887.24,35741368,1.57
2019-08-28,2883.35,2887.85,2860.71,2867.03,23610765,1.83
2019-08-29,2867.77,2871.63,2843.28,2855.45,22386670,1.04
2019-08-30,2878.21,2886.35,2856.03,2872.4,25922975,1.17
2019-09-02,2871.29,2902.41,2866.75,2894.96,29753214,0.87
2019-09-03,2897.29,2900.76,2878.1,2892.18,25904982,0.6
2019-09-04,2888.97,2919.68,2887.59,2919.68,37647144,1.02
2019-09-05,2938.14,2988.21,2938.14,2955.84,52852273,1.36
2019-09-06,2974.8,2981.24,2955.82,2981.07,31465367,0.96
2019-09-09,3004.8,3008.67,2974.23,2981.59,38695798,1.01
2019-09-10,2987.51,2988.06,2958.31,2969.8,36034678,1.36
2019-09-11,2978.97,2980.66,2946.57,2957.14,35199335,1.85
2019-09-12,2970.01,3001.23,2963.45,2999.56,31824410,1.05
2019-09-16,3003.65,3004.88,2972.58,2982.45,32533939,0.87
2019-09-17,2974.01,2974.01,2929.31,2937.01,30722495,1.67
2019-09-18,2947.97,2967.86,2947.68,2954.36,23353923,1.69
2019-09-19,2965.03,2965.11,2941.66,2956.83,20942809,0.84
2019-09-20,2964.92,2970.72,2956.92,2963.43,30230028,0.81
2019-09-23,2955.26,2955.26,2916.43,2930.91,23782646,1.18
2019-09-24,2936.95,2956.29,2929.6,2940.08,22732296,1.27
2019-09-25,2930.14,2942.0,2923.15,2928.84,22526512,1.34
2019-09-26,2939.68,2952.87,2926.54,2927.88,31466918,0.97
2019-09-27,2929.32,2934.33,2916.07,2929.47,23014561,0.72
2019-09-30,2917.07,2933.51,2897.68,2897.7,19233021,0.95
2019-10-08,2898.53,2938.87,2898.53,2922.35,24961388,1.27
2019-10-09,2908.17,2931.64,2896.26,2922.98,26136018,0.91
2019-10-10,2917.82,2944.02,2910.35,2940.8,21996133,0.63
2019-10-11,2952.47,2989.75,2945.01,2983.12,31177123,1.21
2019-10-14,3007.36,3040.5,2997.66,3013.53,42543315,1.01
2019-10-15,3018.86,3019.29,3005.87,3015.42,25446083,0.56
2019-10-16,3015.17,3043.45,2999.38,3004.72,26256367,0.87
2019-10-17,3009.69,3018.65,2997.84,3011.75,18936107,0.72
2019-10-18,3020.01,3027.61,2961.13,2963.18,24631271,1.09
2019-10-21,2957.97,2973.79,2950.3,2968.91,24223543,0.72
2019-10-22,2983.84,2983.84,2956.9,2973.22,21001262,0.74
2019-10-23,2969.98,2977.68,2945.84,2954.31,22633012,0.92
2019-10-24,2963.34,2976.37,2945.68,2959.03,24482739,0.81
2019-10-25,2955.51,2970.54,2935.06,2967.05,24522583,1.08
2019-10-28,2967.63,2984.94,2962.4,2981.36,28490213,0.78
2019-10-29,2982.45,2984.35,2968.21,2968.28,21802993,0.48
2019-10-30,2966.76,2971.9,2946.97,2952.12,21820115,0.63
2019-10-31,2964.91,2966.59,2948.33,2954.73,26277647,0.56
2019-11-01,2953.74,3005.18,2947.6,3002.65,28879939,1.07
2019-11-04,3012.94,3025.64,3011.2,3022.27,30906972,0.93
2019-11-05,3024.87,3065.93,3015.8,3039.98,38359862,1.39
2019-11-06,3041.42,3045.46,3024.75,3032.79,29174816,0.75
2019-11-07,3034.16,3044.72,3021.69,3033.3,23317946,0.78
2019-11-08,3052.69,3055.6,3011.37,3012.46,28297012,0.75
2019-11-11,2995.14,2995.14,2962.68,2965.71,28511827,1.6
2019-11-12,2973.0,2978.17,2954.78,2971.36,20527695,0.84
2019-11-13,2967.62,2976.26,2955.1,2967.67,22621812,0.68
2019-11-14,2975.48,2980.7,2964.92,2968.57,22123548,0.64
2019-11-15,2972.48,2976.37,2953.76,2954.7,22029561,0.82
2019-11-18,2954.78,2985.97,2949.47,2980.95,23876300,0.76
2019-11-19,2973.57,3000.75,2973.57,3000.75,24265871,0.9
2019-11-20,2991.42,2996.51,2962.71,2968.12,22511696,0.76
2019-11-21,2957.07,2957.35,2940.15,2949.34,21914452,1.23
2019-11-22,2952.77,2967.78,2913.18,2922.27,26802021,1.6
2019-11-25,2926.15,2951.79,2925.4,2951.25,33302211,0.87
2019-11-26,2962.37,2965.39,2943.55,2946.57,30225430,1.22
2019-11-27,2948.34,2953.39,2933.28,2944.32,20359377,0.95
2019-11-28,2945.34,2952.26,2922.55,2930.48,17773346,0.73
2019-11-29,2923.45,2927.25,2879.93,2894.72,20790150,1.61
2019-12-02,2896.51,2913.74,2893.42,2899.44,21334638,0.61
2019-12-03,2892.42,2909.95,2876.52,2909.62,19088333,0.58
2019-12-04,2902.13,2903.94,2887.84,2901.07,19438168,0.53
2019-12-05,2912.94,2927.34,2907.77,2921.95,22464511,0.87
2019-12-06,2928.36,2939.82,2922.43,2939.82,21383576,0.62
2019-12-09,2944.16,2945.27,2923.79,2933.04,25034095,0.76
2019-12-10,2925.95,2937.78,2923.75,2936.99,20246093,0.5
2019-12-11,2947.54,2953.94,2934.04,2949.65,23592999,0.89
2019-12-12,2954.4,2954.4,2934.0,2938.04,20689842,0.74
2019-12-13,2968.86,3006.31,2967.85,3006.31,41894582,1.33
2019-12-16,2999.5,2999.53,2983.19,2999.2,33429792,1.57
2019-12-17,3000.78,3053.83,2991.08,3033.14,47347336,1.47
2019-12-18,3031.89,3041.83,3020.95,3025.78,32492619,1.03
2019-12-19,3027.67,3029.7,3009.87,3017.71,26929092,0.81
2019-12-20,3022.12,3033.56,3009.38,3012.63,25092228,1.0
2019-12-23,3015.29,3028.56,2982.02,2984.24,27450023,1.18
2019-12-24,2985.62,2999.08,2982.42,2996.77,22275453,0.76
2019-12-25,2993.36,2993.56,2976.91,2986.0,21384876,1.06
2019-12-26,2986.31,3011.64,2985.53,3011.64,23055824,1.08
2019-12-27,3012.03,3047.61,3012.03,3017.78,34420274,1.31
2019-12-30,3016.2,3065.25,3007.96,3062.75,43666647,1.21
2019-12-31,3057.3,3065.38,3043.93,3063.22,31074043,0.92
2020-01-02,3073.93,3107.52,3073.93,3090.83,50036393,1.09
2020-01-03,3097.25,3097.41,3072.11,3078.28,37185493,0.71
2020-01-06,3062.28,3090.84,3040.19,3056.84,47707827,1.24
2020-01-07,3063.75,3080.27,3061.56,3074.02,34371788,0.84
2020-01-08,3058.36,3058.7,3030.1,3037.85,37653773,0.94
2020-01-09,3060.77,3071.54,3055.99,3067.55,33150515,0.66
2020-01-10,3079.08,3081.96,3058.16,3067.88,28542389,0.52
2020-01-13,3069.68,3090.13,3054.88,3090.13,29330835,0.77
2020-01-14,3097.72,3108.18,3078.46,3080.6,35129017,0.8
2020-01-15,3078.25,3086.97,3052.7,3058.01,28116086,0.87
2020-01-16,3067.95,3068.2,3039.07,3043.09,28312318,0.82
2020-01-17,3054.04,3067.56,3042.59,3053.17,23304514,1.21
2020-01-20,3070.67,3072.29,3054.45,3065.99,27274849,0.98
2020-01-21,3048.95,3050.82,3011.18,3012.11,32801291,1.22
2020-01-22,2996.81,3023.9,2965.66,3017.88,33159760,1.57
2020-01-23,2993.77,2993.77,2910.39,2932.49,42839352,1.63
2020-02-03,2676.01,2755.84,2676.01,2727.09,58609185,3.32
2020-02-04,2724.13,2796.71,2724.13,2794.66,57016369,1.74
2020-02-05,2803.74,2833.21,2782.42,2812.9,44182070,1.43
2020-02-06,2829.51,2866.39,2809.37,2854.89,42134251,1.02
2020-02-07,2836.8,2851.82,2819.67,2851.71,34443628,0.81
2020-02-10,2826.8,2854.83,2817.77,2850.06,33654934,0.99
2020-02-11,2858.92,2893.07,2854.07,2879.86,36028244,0.77
2020-02-12,2876.67,2895.93,2870.77,2895.59,31230750,0.56
2020-02-13,2898.4,2906.72,2871.26,2875.48,37434764,0.52
2020-02-14,2870.71,2900.2,2870.63,2895.06,35125996,0.7
2020-02-17,2901.69,2950.28,2898.59,2950.07,45296532,0.93
2020-02-18,2940.65,2944.43,2914.96,2924.4,38098991,0.76
2020-02-19,2917.12,2942.35,2914.59,2923.76,40270252,0.76
2020-02-20,2931.37,2981.27,2920.8,2978.18,50229847,1.45
2020-02-21,2965.6,2991.06,2959.51,2968.14,46920151,0.78
2020-02-24,2949.98,2953.29,2922.16,2930.03,48637573,0.93
2020-02-25,2891.98,2912.16,2869.64,2909.32,53157947,1.4
2020-02-26,2877.46,2930.02,2872.83,2901.67,62965028,1.51
2020-02-27,2904.87,2927.2,2903.75,2912.04,42152250,0.81
2020-02-28,2860.28,2880.79,2818.43,2821.04,58479964,1.48
2020-03-02,2837.77,2922.95,2837.77,2907.89,54884777,1.21
2020-03-03,2941.68,2948.55,2910.76,2921.44,53161398,1.2
2020-03-04,2921.07,2949.57,2919.37,2947.57,42569549,0.84
2020-03-05,2966.69,3023.12,2956.65,3018.07,60497966,1.68
2020-03-06,2989.76,2999.49,2962.4,2964.83,41855288,1.05
2020-03-09,2908.63,2908.63,2864.49,2868.83,58864748,1.67
2020-03-10,2859.87,2935.09,2852.93,2924.22,48050529,2.03
2020-03-11,2927.83,2927.83,2888.36,2888.36,36442062,1.16
2020-03-12,2858.51,2866.14,2828.29,2841.98,37023632,1.28
2020-03-13,2720.61,2826.72,2715.14,2798.77,49061356,1.83
2020-03-16,2800.0,2800.18,2689.9,2694.02,46971205,1.55
2020-03-17,2696.7,2734.8,2629.18,2685.59,41532694,1.89
2020-03-18,2695.42,2724.3,2625.6,2625.75,37681392,1.63
2020-03-19,2611.75,2630.05,2517.3,2569.79,49523528,2.48
2020-03-20,2597.98,2636.14,2580.36,2628.42,37231436,2.28
2020-03-23,2548.85,2586.11,2548.0,2559.62,32549721,1.62
2020-03-24,2608.24,2641.87,2592.61,2639.38,36868414,2.16
2020-03-25,2700.1,2711.12,2681.09,2700.19,38491194,2.54
2020-03-26,2676.62,2716.34,2673.44,2689.28,28226021,0.95
2020-03-27,2722.47,2733.52,2701.44,2701.44,35386945,1.1
2020-03-30,2667.12,2696.33,2664.72,2690.04,34049707,0.97
2020-03-31,2713.5,2716.02,2684.21,2689.38,30299038,0.97
2020-04-01,2684.5,2722.32,2680.08,2682.08,27519373,1.02
2020-04-02,2667.94,2719.89,2665.81,2719.89,28730893,0.77
2020-04-03,2707.82,2720.84,2697.83,2708.82,24444559,0.7
2020-04-07,2756.27,2762.31,2743.16,2757.41,35954651,0.9
2020-04-08,2742.36,2753.49,2736.09,2743.89,25401676,0.56
2020-04-09,2754.72,2760.59,2749.42,2752.59,23820497,0.53
2020-04-10,2755.2,2787.28,2742.52,2749.85,25444794,0.9
2020-04-13,2740.09,2749.48,2731.03,2739.17,19187662,0.57
2020-04-14,2756.5,2785.8,2745.99,2785.72,26722995,0.73
2020-04-15,2783.28,2788.09,2761.44,2764.49,23051495,0.64
2020-04-16,2751.69,2771.43,2750.29,2768.26,23016379,0.5
2020-04-17,2790.83,2825.96,2782.71,2809.08,34869719,1.13
2020-04-20,2812.8,2821.01,2799.92,2819.79,27627564,0.61
2020-04-21,2808.91,2808.91,2767.27,2784.53,24943676,0.63
2020-04-22,2774.44,2804.24,2768.4,2804.24,20694563,0.73
2020-04-23,2813.73,2820.24,2794.46,2797.66,24529563,0.57
2020-04-24,2789.05,2789.05,2770.34,2776.02,19914774,0.55
2020-04-27,2786.47,2818.54,2783.17,2805.22,23147140,1.0
2020-04-28,2814.23,2832.06,2781.15,2825.14,27084228,0.67
2020-04-29,2814.6,2852.1,2814.07,2844.81,25430134,0.68
2020-04-30,2851.14,2882.7,2851.14,2861.91,30389053,0.56
2020-05-06,2823.29,2865.11,2823.27,2863.85,35459781,0.66
2020-05-07,2860.96,2863.16,2845.66,2854.42,23902000,0.46
2020-05-08,2864.86,2883.69,2858.11,2873.01,27037179,0.55
2020-05-11,2876.77,2897.99,2864.96,2871.85,25308998,0.67
2020-05-12,2871.31,2880.5,2855.02,2869.6,21330150,0.59
2020-05-13,2860.82,2869.7,2845.34,2867.71,18325651,0.27
2020-05-14,2854.78,2854.78,2833.95,2834.53,19818343,0.51
2020-05-15,2845.91,2849.17,2818.37,2819.69,19470580,0.77
2020-05-18,2821.73,2849.85,2813.26,2837.17,22626866,0.69
2020-05-19,2869.23,2872.7,2854.89,2860.67,22705516,0.56
2020-05-20,2861.59,2864.67,2847.26,2856.14,19949229,0.56
2020-05-21,2866.74,2867.91,2844.14,2846.82,19071145,0.57
2020-05-22,2840.88,2841.11,2775.31,2775.81,25971302,1.12
2020-05-25,2784.43,2789.82,2762.3,2789.71,18674923,0.58
2020-05-26,2806.25,2811.83,2796.85,2808.84,18110409,0.96
2020-05-27,2810.47,2814.56,2790.84,2795.48,19759953,0.52
2020-05-28,2797.37,2830.46,2785.32,2809.66,22943372,0.73
2020-05-29,2791.62,2813.82,2788.87,2806.66,21471026,0.53
2020-06-01,2832.22,2873.05,2832.22,2870.36,28433443,0.76
2020-06-02,2864.53,2890.81,2862.68,2885.92,26703943,0.55
2020-06-03,2900.87,2922.78,2889.08,2889.11,27840975,0.84
2020-06-04,2900.96,2902.9,2876.44,2883.36,21894729,0.4
2020-06-05,2886.23,2896.35,2871.87,2896.35,21269701,0.35
2020-06-08,2907.68,2925.2,2904.03,2909.59,29300629,0.56
2020-06-09,2911.95,2931.54,2905.84,2928.3,24400880,0.5
2020-06-10,2925.17,2925.17,2905.21,2908.48,22717666,0.31
2020-06-11,2899.49,2907.66,2867.2,2876.51,28998543,0.48
2020-06-12,2840.8,2884.99,2837.55,2884.12,34095944,0.44
2020-06-15,2862.49,2875.03,2838.61,2838.61,29310497,0.46
2020-06-16,2867.71,2879.53,2861.01,2878.99,24218333,0.49
2020-06-17,2879.85,2882.1,2864.16,2881.13,22244613,0.47
2020-06-18,2872.17,2892.12,2860.5,2888.96,27634304,0.7
2020-06-19,2891.31,2933.9,2888.92,2925.94,37137361,0.73
2020-06-22,2921.3,2947.61,2912.49,2921.89,37262985,0.63
2020-06-23,2913.01,2929.8,2902.12,2925.42,27540128,0.46
2020-06-24,2928.52,2947.19,2926.84,2943.47,30179573,0.7
2020-06-29,2935.54,2942.49,2909.45,2925.48,32483377,0.8
2020-06-30,2933.93,2951.12,2928.68,2942.07,27015598,0.91
2020-07-01,2950.49,3010.36,2941.38,3009.86,42668069,0.99
2020-07-02,3005.36,3088.96,3003.78,3084.24,67223805,1.46
2020-07-03,3101.39,3159.17,3101.26,3159.16,78209416,1.67
2020-07-06,3198.74,3384.87,3198.74,3374.14,122167869,4.97
2020-07-07,3438.86,3465.47,3381.76,3381.76,108624138,3.86
2020-07-08,3378.11,3466.63,3371.59,3429.94,91457213,2.1
2020-07-09,3426.6,3451.93,3403.73,3442.02,84934441,1.61
2020-07-10,3404.0,3411.09,3338.59,3351.78,79046518,1.66
2020-07-13,3338.71,3421.94,3327.7,3390.12,80024187,1.79
2020-07-14,3374.07,3391.9,3310.89,3348.03,76786396,1.59
2020-07-15,3363.92,3374.29,3303.15,3313.76,70412032,1.43
2020-07-16,3313.56,3326.69,3162.03,3162.03,74683067,2.69
2020-07-17,3181.7,3223.54,3151.22,3185.89,49449098,1.47
2020-07-20,3219.92,3293.63,3189.47,3287.92,63047537,1.61
2020-07-21,3302.72,3305.2,3272.47,3286.81,44511982,1.5
2020-07-22,3278.74,3354.72,3273.81,3291.36,54403750,1.96
2020-07-23,3263.07,3303.43,3224.51,3284.11,55665582,1.35
2020-07-24,3265.52,3270.56,3136.64,3158.29,60638136,1.63
2020-07-27,3178.05,3194.14,3136.03,3163.23,37627456,0.9
2020-07-28,3188.96,3205.57,3168.9,3185.89,35710451,0.89
2020-07-29,3184.72,3245.7,3171.04,3243.38,43648691,1.03
2020-07-30,3252.2,3263.19,3231.36,3231.52,36108945,0.77
2020-07-31,3226.42,3284.38,3199.91,3249.34,42897905,1.85
2020-08-03,3271.18,3284.79,3251.82,3281.1,48299026,0.93
2020-08-04,3293.92,3329.56,3279.14,3312.13,62540477,1.79
2020-08-05,3298.14,3300.9,3257.29,3292.31,45579284,1.39
2020-08-06,3295.43,3311.36,3243.65,3292.2,48945754,1.3
2020-08-07,3277.44,3288.79,3219.42,3263.75,48981048,0.96
2020-08-10,3250.54,3309.98,3232.09,3285.76,53271404,0.97
2020-08-11,3291.34,3333.75,3257.37,3262.82,53822802,1.62
2020-08-12,3255.54,3266.58,3199.55,3249.74,51024947,1.44
2020-08-13,3261.13,3265.51,3230.17,3241.84,37092071,0.78
2020-08-14,3236.95,3292.03,3230.21,3288.51,36747477,1.03
2020-08-17,3300.9,3397.5,3299.21,3368.85,75899031,2.12
2020-08-18,3369.87,3377.52,3350.78,3367.33,47444157,1.31
2020-08-19,3361.72,3366.68,3306.33,3307.66,44419448,1.33
2020-08-20,3285.2,3288.21,3252.18,3264.53,37052900,0.99
2020-08-21,3287.43,3299.94,3261.55,3284.73,28050142,0.85
2020-08-24,3306.56,3320.97,3291.66,3298.72,29666151,1.43
2020-08-25,3312.03,3335.03,3300.2,3310.84,28449955,0.89
2020-08-26,3308.93,3327.82,3269.09,3277.89,32922437,0.9
2020-08-27,3286.78,3291.68,3257.57,3290.79,28135800,0.48
2020-08-28,3296.52,3372.74,3286.14,3368.44,39008700,1.1
2020-08-31,3386.62,3408.58,3343.21,3343.89,47905157,1.11
2020-09-01,3333.21,3355.1,3328.12,3355.1,30466450,0.67
2020-09-02,3371.57,3373.35,3316.5,3347.3,35512308,1.18
2020-09-03,3349.26,3374.01,3322.9,3334.41,31252364,0.62
2020-09-04,3293.49,3314.55,3283.31,3309.21,28637547,0.65
2020-09-07,3303.64,3328.72,3243.43,3253.43,32580054,0.73
2020-09-08,3267.31,3296.14,3249.25,3289.91,32380563,0.85
2020-09-09,3253.5,3267.86,3217.15,3235.7,30096577,0.92
2020-09-10,3264.32,3273.9,3239.58,3245.5,29973848,0.87
2020-09-11,3238.47,3270.59,3230.32,3265.5,23510280,0.57
2020-09-14,3283.93,3298.93,3275.3,3294.15,21125876,0.6
2020-09-15,3291.2,3321.18,3275.06,3317.64,21316420,0.72
2020-09-16,3314.21,3322.32,3283.88,3295.58,22229206,0.53
2020-09-17,3286.15,3287.26,3253.52,3264.69,23423082,0.54
2020-09-18,3267.63,3347.78,3264.33,3347.78,44577961,1.53
2020-09-21,3359.23,3360.92,3311.11,3311.59,29799599,1.02
2020-09-22,3285.77,3319.95,3260.49,3270.52,26820060,1.15
2020-09-23,3271.47,3284.4,3256.18,3275.74,20467807,0.87
2020-09-24,3259.12,3264.83,3214.7,3218.72,25647587,0.63
2020-09-25,3232.69,3244.03,3219.31,3229.78,20910220,0.68
2020-09-28,3237.3,3268.26,3237.3,3250.5,20974373,0.49
2020-09-29,3266.01,3266.94,3241.32,3241.32,19027743,0.61
2020-09-30,3252.59,3269.31,3218.55,3232.42,22694946,0.82
2020-10-09,3281.46,3296.67,3274.19,3286.86,24624394,1.0
2020-10-12,3302.98,3388.6,3302.62,3387.88,39773572,1.16
2020-10-13,3381.64,3391.99,3363.98,3386.89,27928262,0.58
2020-10-14,3380.56,3380.56,3359.62,3369.5,25822628,0.48
2020-10-15,3369.72,3392.93,3363.81,3371.4,27385168,1.05
2020-10-16,3374.17,3400.42,3362.18,3380.17,34932345,0.84
2020-10-19,3398.75,3430.56,3349.16,3354.31,41264704,1.14
2020-10-20,3352.03,3365.18,3340.84,3363.5,26392527,0.91
2020-10-21,3372.69,3380.05,3351.72,3377.42,31329504,0.92
2020-10-22,3370.08,3378.65,3328.32,3369.53,27398859,0.93
2020-10-23,3364.6,3395.41,3346.61,3346.61,33911572,1.13
2020-10-26,3320.03,3328.68,3288.58,3304.7,34650144,1.14
2020-10-27,3298.06,3305.61,3281.62,3294.09,25579509,0.72
2020-10-28,3295.44,3324.8,3285.04,3313.23,28279844,1.34
2020-10-29,3278.98,3351.12,3277.57,3324.44,30218954,1.0
2020-10-30,3321.94,3332.87,3271.27,3280.38,35737111,0.82
2020-11-02,3280.62,3298.08,3249.96,3265.9,34665398,0.84
2020-11-03,3284.04,3324.41,3282.55,3307.48,34085466,0.83
2020-11-04,3311.54,3340.53,3301.32,3332.19,28344930,0.8
2020-11-05,3366.4,3386.98,3345.2,3369.5,31277108,1.16
2020-11-06,3380.2,3380.2,3339.47,3359.12,35031944,0.82
2020-11-09,3382.8,3428.13,3382.8,3418.28,43918141,1.0
2020-11-10,3439.36,3440.56,3402.38,3416.14,41761633,0.91
2020-11-11,3415.88,3432.27,3407.84,3411.23,40415189,0.56
2020-11-12,3413.21,3420.65,3387.33,3397.35,27098482,0.63
2020-11-13,3376.91,3377.16,3318.45,3338.31,34513696,1.15
2020-11-16,3352.69,3377.11,3344.4,3377.11,32324893,0.82
2020-11-17,3376.87,3388.96,3362.5,3379.27,33074229,0.69
2020-11-18,3377.84,3408.3,3373.0,3387.04,43605865,1.33
2020-11-19,3377.23,3415.86,3372.84,3410.09,32606150,0.87
2020-11-20,3407.73,3415.25,3398.79,3411.93,29720748,0.75
2020-11-23,3427.78,3485.89,3426.78,3469.8,49251556,1.61
2020-11-24,3461.43,3470.91,3437.73,3442.72,34240109,1.54
2020-11-25,3461.48,3475.25,3420.29,3420.29,40663779,1.26
2020-11-26,3418.56,3447.61,3414.06,3445.74,33465271,0.65
2020-11-27,3453.31,3498.66,3447.61,3498.66,53901248,1.79
2020-11-30,3509.66,3570.22,3469.42,3469.42,84292984,3.12
2020-12-01,3480.56,3559.07,3476.94,3554.01,52488689,1.72
2020-12-02,3555.6,3568.72,3527.12,3545.34,39442806,1.15
2020-12-03,3545.28,3550.1,3519.43,3536.81,35867871,1.16
2020-12-04,3535.94,3546.71,3504.43,3541.52,33238617,0.94
2020-12-07,3547.93,3548.78,3495.65,3509.94,35450745,1.03
2020-12-08,3512.86,3529.35,3490.89,3499.06,28935941,0.93
2020-12-09,3511.76,3517.92,3468.0,3468.53,30654727,1.09
2020-12-10,3464.94,3478.91,3442.15,3459.03,29228443,0.97
2020-12-11,3473.87,3477.47,3404.93,3427.86,38906387,1.15
2020-12-14,3443.03,3472.12,3435.31,3467.77,24982218,0.64
2020-12-15,3466.49,3476.88,3443.86,3468.83,26154182,0.64
2020-12-16,3480.93,3494.65,3469.55,3485.4,22462530,0.81
2020-12-17,3497.39,3543.73,3491.92,3539.54,27091201,1.34
2020-12-18,3529.02,3538.57,3493.3,3507.97,26277800,1.54
2020-12-21,3505.91,3531.42,3481.26,3522.26,26717595,1.14
2020-12-22,3519.05,3526.11,3467.53,3470.9,34878459,1.74
2020-12-23,3483.19,3516.02,3473.1,3494.59,27238775,1.65
2020-12-24,3495.85,3521.04,3474.02,3489.27,20119571,0.73
2020-12-25,3476.55,3514.51,3468.4,3512.49,21054656,1.08
2020-12-28,3514.71,3548.53,3503.97,3523.84,26413299,0.93
2020-12-29,3533.13,3539.67,3513.66,3517.35,26014590,0.61
2020-12-30,3513.79,3574.21,3512.31,3574.13,26787234,1.14
2020-12-31,3581.45,3646.75,3581.36,3640.64,36574846,1.42
2021-01-04,3632.69,3659.17,3608.34,3643.36,43546644,1.21
2021-01-05,3627.65,3683.36,3620.56,3683.36,47233743,1.79
2021-01-06,3688.95,3736.65,3670.54,3736.65,45166106,1.38
2021-01-07,3750.88,3808.07,3729.99,3808.07,42918063,1.25
2021-01-08,3815.57,3833.86,3752.09,3788.32,41585644,1.73
2021-01-11,3794.83,3849.68,3763.15,3776.53,47451000,1.31
2021-01-12,3764.65,3906.12,3764.65,3906.12,48175867,1.52
2021-01-13,3914.0,3931.95,3844.28,3873.23,55273848,1.38
2021-01-14,3863.1,3866.95,3800.79,3811.22,50868859,1.19
2021-01-15,3825.54,3866.01,3789.48,3817.93,55635244,1.49
2021-01-18,3807.99,3873.45,3796.43,3849.4,42248384,1.17
2021-01-19,3855.75,3862.11,3792.59,3808.69,42747056,0.92
2021-01-20,3813.91,3838.31,3790.54,3814.65,34372343,1.03
2021-01-21,3833.78,3874.67,3812.81,3850.06,36730229,1.13
2021-01-22,3851.13,3862.89,3823.33,3846.39,38259480,0.98
2021-01-25,3843.49,3903.19,3828.75,3898.15,37336501,2.23
2021-01-26,3878.25,3878.25,3809.66,3813.29,29584420,1.41
2021-01-27,3818.42,3831.62,3790.81,3818.27,28706054,1.63
2021-01-28,3771.79,3779.41,3720.12,3735.03,30041206,1.55
2021-01-29,3758.89,3767.01,3675.49,3713.25,32742330,1.4
2021-02-01,3712.78,3747.73,3699.2,3746.37,29489016,1.08
2021-02-02,3751.74,3774.06,3731.52,3771.47,28858748,1.36
2021-02-03,3768.71,3796.43,3747.38,3775.72,31609193,0.81
2021-02-04,3764.43,3820.34,3759.43,3801.62,33163780,1.06
2021-02-05,3819.8,3876.68,3808.17,3840.77,41583746,0.76
2021-02-08,3856.94,3896.54,3835.1,3890.47,33339893,0.97
2021-02-09,3900.86,3952.94,3871.79,3952.83,32740059,0.74
2021-02-10,3967.68,4039.23,3967.36,4028.53,38958603,0.81
2021-02-18,4097.87,4110.18,3996.63,4014.32,51203085,1.23
2021-02-19,3994.83,4023.88,3956.98,4014.46,42899726,1.58
2021-02-22,4020.01,4020.01,3879.48,3881.87,58726428,1.81
2021-02-23,3854.16,3942.09,3854.16,3897.72,43455611,1.26
2021-02-24,3902.36,3910.01,3766.6,3805.47,39343931,1.83
2021-02-25,3844.62,3878.21,3818.71,3851.03,46688986,1.15
2021-02-26,3768.9,3819.04,3753.44,3756.86,41573102,1.63
2021-03-01,3793.37,3795.05,3747.58,3787.87,33657707,0.85
2021-03-02,3812.35,3812.35,3689.01,3718.77,35216197,1.37
2021-03-03,3710.26,3818.07,3708.23,3817.41,36579579,1.1
2021-03-04,3769.97,3781.28,3686.09,3708.66,36373718,1.52
2021-03-05,3655.91,3721.28,3627.29,3688.68,36137582,1.33
2021-03-08,3713.46,3732.78,3571.42,3573.43,41752978,1.68
2021-03-09,3570.26,3595.19,3489.97,3509.61,42344061,2.37
2021-03-10,3563.56,3572.37,3528.32,3532.05,28096287,0.95
2021-03-11,3554.68,3633.77,3554.68,3625.31,31056230,1.06
2021-03-12,3647.51,3647.51,3600.39,3632.58,35139699,1.55
2021-03-15,3620.04,3627.31,3539.49,3566.88,37488832,0.84
2021-03-16,3579.01,3608.11,3556.62,3599.16,28394041,0.89
2021-03-17,3588.23,3616.94,3552.49,3590.83,26229565,0.74
2021-03-18,3598.85,3619.33,3586.5,3605.6,23406869,0.68
2021-03-19,3565.09,3573.06,3496.38,3512.02,34681298,1.6
2021-03-22,3516.66,3558.94,3511.72,3538.43,26393423,0.87
2021-03-23,3541.33,3542.82,3482.59,3516.36,25310915,1.03
2021-03-24,3507.55,3528.73,3457.44,3466.04,25639804,1.37
2021-03-25,3454.46,3479.13,3439.51,3463.87,23261828,0.67
2021-03-26,3483.69,3539.23,3480.33,3529.73,24810847,0.99
2021-03-29,3543.25,3563.4,3510.41,3537.71,28205828,0.99
2021-03-30,3541.38,3582.02,3531.63,3577.24,25778955,0.63
2021-03-31,3573.86,3573.86,3518.17,3539.37,29985299,0.33
2021-04-01,3547.46,3586.36,3545.09,3582.65,21357739,0.59
2021-04-02,3592.88,3616.8,3583.04,3616.76,23396735,0.57
2021-04-06,3624.8,3624.8,3581.76,3594.71,17974469,0.53
2021-04-07,3593.17,3593.17,3537.06,3558.47,22800013,0.33
2021-04-08,3541.06,3582.91,3533.32,3573.04,19473454,0.47
2021-04-09,3564.66,3565.22,3504.49,3514.11,19685860,0.47
2021-04-12,3505.71,3520.73,3465.65,3477.07,24855006,1.58
2021-04-13,3483.01,3505.39,3448.57,3461.46,21074331,1.38
2021-04-14,3469.4,3484.06,3442.23,3469.17,19500313,1.36
2021-04-15,3456.55,3456.55,3399.76,3431.49,21262701,0.82
2021-04-16,3445.09,3456.72,3411.1,3448.1,18688056,0.97
2021-04-19,3449.05,3515.88,3426.82,3513.4,27193465,1.19
2021-04-20,3496.81,3532.79,3491.89,3510.12,21176621,0.84
2021-04-21,3493.79,3524.54,3488.49,3516.1,20750102,1.22
2021-04-22,3521.98,3524.71,3477.06,3487.43,22679141,1.01
2021-04-23,3487.12,3533.23,3482.86,3524.02,20552367,1.12
2021-04-26,3540.53,3548.21,3462.16,3467.66,25863227,1.55
2021-04-27,3469.98,3482.6,3450.02,3476.3,20804166,1.01
2021-04-28,3457.17,3473.04,3440.2,3473.04,22451259,1.45
2021-04-29,3483.1,3519.83,3468.62,3517.21,31480525,1.1
2021-04-30,3518.86,3522.61,3471.38,3491.19,34026554,1.51
2021-05-06,3475.05,3510.4,3443.31,3449.94,29933429,1.41
2021-05-07,3457.91,3470.52,3402.08,3406.31,30092528,0.96
2021-05-10,3410.01,3416.03,3371.13,3399.98,28048889,1.01
2021-05-11,3380.63,3443.36,3371.47,3437.71,24935741,1.04
2021-05-12,3423.42,3456.07,3421.66,3447.86,23689680,0.68
2021-05-13,3418.58,3435.45,3395.81,3413.89,21882668,1.03
2021-05-14,3426.43,3504.65,3406.71,3503.04,34527248,1.28
2021-05-17,3502.74,3556.49,3502.21,3539.91,30165091,1.2
2021-05-18,3543.11,3550.08,3520.67,3537.7,23782587,0.54
2021-05-19,3531.79,3531.79,3501.38,3511.47,23806633,1.03
2021-05-20,3514.43,3530.49,3496.52,3522.45,23827196,0.64
2021-05-21,3532.87,3544.27,3475.26,3481.86,20644644,1.13
2021-05-24,3482.99,3499.45,3457.29,3497.75,22986543,0.69
2021-05-25,3505.81,3645.07,3505.63,3641.29,44182866,2.56
2021-05-26,3656.34,3678.07,3643.98,3657.19,34559396,1.45
2021-05-27,3645.48,3709.0,3628.96,3664.94,29879120,1.21
2021-05-28,3663.88,3689.25,3630.57,3659.3,28682846,1.04
2021-05-31,3652.89,3652.89,3615.42,3650.22,26328401,1.16
2021-06-01,3641.97,3652.95,3608.2,3650.9,28161547,0.99
2021-06-02,3661.94,3665.92,3604.78,3622.4,27975392,1.01
2021-06-03,3620.79,3637.0,3589.23,3591.16,26020146,0.79
2021-06-04,3574.3,3655.92,3573.7,3612.7,28857581,1.54
2021-06-07,3610.89,3613.28,3579.01,3601.11,25698179,0.67
2021-06-08,3597.94,3634.82,3558.46,3580.28,26079669,1.59
2021-06-09,3575.49,3599.62,3572.36,3587.53,27296859,0.93
2021-06-10,3588.14,3634.92,3582.16,3607.68,28657592,1.05
2021-06-11,3610.14,3611.25,3564.65,3576.78,40729745,1.03
2021-06-15,3570.4,3579.09,3513.13,3528.67,37547489,0.93
2021-06-16,3525.75,3532.85,3480.41,3486.29,31629333,1.21
2021-06-17,3477.47,3503.55,3467.58,3481.6,29446419,0.8
2021-06-18,3475.55,3488.26,3426.03,3454.59,36119342,1.37
2021-06-21,3440.74,3455.56,3410.4,3431.25,30456915,1.25
2021-06-22,3444.75,3469.81,3437.95,3464.71,32625885,1.49
2021-06-23,3469.28,3496.44,3460.69,3471.34,29564533,2.09
2021-06-24,3476.68,3487.27,3452.61,3483.91,28769183,0.83
2021-06-25,3483.16,3545.43,3479.74,3535.02,36027211,1.31
2021-06-28,3541.1,3543.7,3502.78,3520.74,29701717,1.02
2021-06-29,3514.32,3517.36,3475.44,3482.73,28814608,0.8
2021-06-30,3477.38,3504.96,3477.38,3498.65,24932786,1.14
2021-07-01,3510.56,3535.33,3479.52,3535.25,29553157,1.94
2021-07-02,3495.6,3495.6,3403.8,3408.24,34710862,1.29
2021-07-05,3402.11,3415.56,3376.84,3404.79,30926793,0.9
2021-07-06,3405.47,3406.76,3368.14,3405.28,29211833,1.41
2021-07-07,3384.57,3433.73,3382.24,3424.39,26919459,1.06
2021-07-08,3432.89,3434.15,3365.53,3373.26,33862453,1.22
2021-07-09,3359.2,3373.14,3329.74,3361.59,31636606,1.15
2021-07-12,3385.12,3413.35,3357.13,3384.51,38416319,1.06
2021-07-13,3384.75,3409.79,3377.2,3391.74,31407675,0.8
2021-07-14,3385.39,3385.39,3328.88,3339.38,34733676,1.29
2021-07-15,3335.05,3414.42,3332.78,3411.29,31955193,1.44
2021-07-16,3405.4,3413.27,3365.95,3369.9,27229855,1.27
2021-07-19,3362.58,3390.27,3322.32,3385.37,29817037,1.75
2021-07-20,3364.31,3382.09,3357.75,3378.63,25865362,0.88
2021-07-21,3385.14,3410.82,3375.63,3388.52,33490582,1.3
2021-07-22,3386.91,3410.63,3378.12,3392.72,36955443,1.01
2021-07-23,3389.4,3389.43,3353.04,3357.45,36847907,1.03
2021-07-26,3339.86,3339.86,3195.62,3228.37,44339594,2.29
2021-07-27,3228.44,3238.39,3117.61,3126.38,49848732,1.95
2021-07-28,3107.12,3171.08,3098.02,3154.64,40519637,2.92
2021-07-29,3206.44,3207.9,3159.77,3182.8,35649915,2.18
2021-07-30,3160.47,3160.47,3114.51,3132.82,32388851,1.12
2021-08-02,3112.3,3217.81,3082.83,3211.14,45574984,2.48
2021-08-03,3197.89,3235.4,3181.76,3223.83,38895185,1.18
2021-08-04,3219.4,3242.39,3211.4,3233.1,33649542,1.23
2021-08-05,3214.47,3266.3,3198.37,3227.36,31843626,0.61
2021-08-06,3211.64,3213.1,3181.38,3195.7,29907723,0.58
2021-08-09,3171.1,3253.08,3169.19,3235.21,38742858,0.82
2021-08-10,3231.15,3290.25,3193.96,3288.65,32464842,0.9
2021-08-11,3280.81,3298.41,3259.53,3262.58,40066318,0.7
2021-08-12,3247.8,3262.9,3222.69,3226.11,32263283,0.49
2021-08-13,3212.33,3242.31,3199.86,3217.84,28209573,0.62
2021-08-16,3212.66,3246.93,3205.53,3222.62,32549562,0.71
2021-08-17,3219.83,3240.33,3141.66,3149.88,39784669,1.41
2021-08-18,3148.38,3204.87,3133.88,3190.55,45500288,1.37
2021-08-19,3179.93,3185.73,3130.47,3144.37,45199624,1.24
2021-08-20,3105.16,3118.7,3044.88,3072.75,38536618,3.17
2021-08-23,3079.29,3109.99,3069.53,3099.89,31664015,2.22
2021-08-24,3106.23,3160.56,3104.97,3147.77,38208245,2.08
2021-08-25,3160.74,3173.37,3138.22,3159.8,33666800,1.78
2021-08-26,3156.91,3156.91,3087.3,3088.83,31599888,0.91
2021-08-27,3086.05,3145.98,3084.31,3123.05,32613426,1.24
2021-08-30,3141.12,3141.76,3092.83,3112.7,45208788,0.82
2021-08-31,3099.47,3122.91,3056.7,3097.06,51607670,1.51
2021-09-01,3087.26,3185.82,3064.5,3165.04,73041359,2.45
2021-09-02,3166.27,3189.25,3149.25,3167.1,51786473,1.38
2021-09-03,3172.5,3203.32,3137.88,3175.88,52769185,1.68
2021-09-06,3175.88,3228.95,3166.62,3211.2,45755313,1.59
2021-09-07,3210.27,3259.92,3192.02,3248.05,46185446,1.19
2021-09-08,3241.0,3254.1,3203.28,3213.26,42063100,1.06
2021-09-09,3195.99,3208.63,3183.21,3204.28,52355072,0.82
2021-09-10,3203.06,3268.73,3201.74,3252.32,61465349,1.35
2021-09-13,3246.86,3271.1,3222.22,3242.04,51461737,0.83
2021-09-14,3243.68,3257.62,3182.2,3188.26,56925568,1.26
2021-09-15,3180.55,3180.55,3130.97,3146.63,42821339,1.4
2021-09-16,3145.44,3157.9,3113.04,3128.59,45526374,1.69
2021-09-17,3117.93,3162.05,3110.03,3161.92,40028694,1.73
2021-09-22,3100.39,3129.78,3096.03,3122.34,40581640,2.02
2021-09-23,3135.75,3159.97,3116.56,3127.82,37797740,1.16
2021-09-24,3120.43,3173.05,3120.43,3145.11,35382733,1.41
2021-09-27,3162.43,3218.88,3162.43,3199.97,42293473,2.66
2021-09-28,3197.04,3224.57,3173.85,3211.15,38105903,1.08
2021-09-29,3186.12,3222.28,3160.39,3199.23,40812165,1.63
2021-09-30,3202.02,3213.56,3189.18,3196.99,29698160,1.11
2021-10-08,3229.07,3263.93,3215.56,3256.26,38923108,1.56
2021-10-11,3264.72,3318.15,3263.16,3276.41,38422532,1.87
2021-10-12,3266.02,3280.06,3232.32,3259.38,34983371,1.49
2021-10-13,3257.4,3307.23,3243.61,3292.76,28778537,1.49
2021-10-14,3289.98,3301.91,3264.25,3270.69,24111632,1.34
2021-10-15,3258.57,3301.15,3251.1,3294.83,32619203,1.15
2021-10-18,3289.32,3289.32,3213.24,3229.63,32433512,2.47
2021-10-19,3227.01,3265.51,3226.07,3256.67,29127225,1.74
2021-10-20,3264.47,3282.57,3242.1,3255.0,27584823,0.73
2021-10-21,3256.61,3294.05,3253.57,3278.54,31306807,0.9
2021-10-22,3287.93,3336.73,3282.88,3318.13,31297662,1.18
2021-10-25,3295.25,3316.57,3284.89,3312.3,28346014,1.1
2021-10-26,3312.3,3327.66,3285.23,3290.04,25983454,1.39
2021-10-27,3282.26,3282.26,3236.15,3247.1,28044936,1.48
2021-10-28,3240.54,3252.73,3223.72,3239.61,29924020,1.23
2021-10-29,3241.91,3267.25,3239.08,3267.25,34774751,1.31
2021-11-01,3239.89,3262.49,3223.87,3250.92,33431443,1.56
2021-11-02,3245.04,3267.76,3187.35,3212.03,39744123,1.61
2021-11-03,3207.74,3220.34,3173.33,3181.45,27260387,0.98
2021-11-04,3194.47,3216.23,3187.95,3207.26,26635008,1.1
2021-11-05,3197.61,3229.97,3189.68,3201.55,26449688,0.95
2021-11-08,3198.69,3214.33,3185.94,3196.27,25773103,1.23
2021-11-09,3206.29,3214.89,3172.09,3186.96,23635068,1.04
2021-11-10,3177.61,3182.26,3125.29,3170.4,30851773,1.36
2021-11-11,3169.01,3233.59,3164.94,3233.37,38061822,1.2
2021-11-12,3239.35,3241.13,3213.75,3220.55,25764312,1.34
2021-11-15,3228.02,3241.92,3209.48,3221.69,22204240,1.11
2021-11-16,3222.51,3243.45,3212.21,3222.17,24241403,1.18
2021-11-17,3217.1,3226.11,3202.56,3208.78,19800824,1.45
2021-11-18,3199.21,3199.21,3164.7,3173.38,20042182,1.12
2021-11-19,3170.79,3217.82,3168.3,3212.91,25709578,1.33
2021-11-22,3217.33,3228.29,3209.42,3212.15,26257286,1.1
2021-11-23,3206.94,3237.65,3206.43,3224.15,26481812,1.52
2021-11-24,3226.02,3247.78,3214.09,3231.84,23210253,1.21
2021-11-25,3233.26,3236.26,3212.73,3218.05,21010526,0.77
2021-11-26,3213.63,3214.05,3181.14,3187.36,23036568,1.13
2021-11-29,3170.69,3188.11,3163.96,3187.05,27180793,1.1
2021-11-30,3186.25,3196.04,3153.63,3165.35,23419282,0.85
2021-12-01,3166.61,3182.38,3165.7,3180.42,25004135,0.65
2021-12-02,3179.99,3198.03,3169.02,3190.87,27417737,0.74
2021-12-03,3191.17,3221.42,3191.17,3221.42,27269079,1.07
2021-12-06,3234.43,3257.19,3223.21,3228.14,35412743,1.3
2021-12-07,3255.56,3262.08,3237.16,3254.5,37783743,1.17
2021-12-08,3263.26,3306.97,3247.33,3304.71,32746658,1.26
2021-12-09,3312.33,3393.16,3309.95,3360.18,42556313,2.98
2021-12-10,3339.24,3353.63,3332.99,3353.63,39390678,1.93
2021-12-13,3391.62,3428.74,3363.69,3366.07,39748705,1.72
2021-12-14,3353.03,3364.52,3342.12,3350.5,31469833,1.73
2021-12-15,3340.75,3359.67,3318.41,3318.98,24821807,0.89
2021-12-16,3312.7,3330.86,3304.53,3330.86,25337358,1.38
2021-12-17,3321.67,3330.23,3278.12,3278.9,26333767,1.76
2021-12-20,3264.1,3294.13,3247.3,3255.35,27848485,1.8
2021-12-21,3253.29,3277.37,3251.96,3273.03,24536741,1.12
2021-12-22,3280.69,3287.76,3257.01,3260.57,22342857,1.88
2021-12-23,3265.71,3287.19,3246.24,3287.19,21417726,1.15
2021-12-24,3293.3,3306.91,3278.2,3290.24,21806184,1.37
2021-12-27,3286.11,3291.98,3264.02,3278.44,19675636,1.94
2021-12-28,3282.6,3307.79,3280.27,3303.4,26002262,1.9
2021-12-29,3308.21,3308.23,3240.85,3240.85,20098541,1.47
2021-12-30,3240.26,3277.0,3236.16,3261.79,22285032,0.98
2021-12-31,3269.61,3282.68,3261.84,3274.32,20549961,1.02
2022-01-04,3277.67,3281.74,3224.34,3264.07,29982637,1.18
2022-01-05,3259.21,3289.16,3244.21,3254.28,37064050,1.34
2022-01-06,3242.53,3251.12,3194.95,3210.39,31730403,1.66
2022-01-07,3213.26,3240.74,3213.26,3223.27,40694724,1.16
2022-01-10,3217.35,3237.22,3197.9,3236.12,33382804,1.02
2022-01-11,3229.46,3247.9,3210.4,3214.53,30666420,1.17
2022-01-12,3220.19,3244.23,3211.28,3236.31,32441693,1.13
2022-01-13,3243.05,3247.82,3182.85,3184.11,34782304,1.68
2022-01-14,3173.85,3173.85,3136.99,3139.05,34517032,1.55
2022-01-17,3139.41,3159.19,3134.08,3147.7,27036085,1.2
2022-01-18,3147.85,3198.47,3137.11,3187.52,35057294,2.41
2022-01-19,3194.92,3201.94,3172.26,3187.19,30991267,1.03
2022-01-20,3188.14,3251.22,3187.61,3233.7,40261127,1.57
2022-01-21,3227.2,3234.47,3202.73,3218.74,32332709,1.33
2022-01-24,3204.18,3218.98,3185.52,3209.74,28274229,1.48
2022-01-25,3192.12,3198.11,3144.73,3144.95,30310006,1.58
2022-01-26,3156.65,3169.53,3126.55,3163.67,24181727,1.79
2022-01-27,3168.14,3168.76,3115.86,3119.24,31101442,2.06
2022-01-28,3127.18,3140.29,3048.33,3054.02,33555305,2.55
2022-02-07,3102.62,3129.19,3096.69,3114.26,36475097,1.57
2022-02-08,3107.89,3118.58,3061.22,3116.5,40365312,1.39
2022-02-09,3118.97,3148.23,3110.88,3139.56,39144403,1.73
2022-02-10,3145.33,3146.96,3125.11,3145.11,36505632,1.07
2022-02-11,3133.8,3172.09,3130.69,3142.91,43597711,1.16
2022-02-14,3131.39,3131.84,3093.64,3104.0,38925745,1.12
2022-02-15,3101.36,3126.42,3097.08,3119.93,29313438,0.89
2022-02-16,3134.88,3150.86,3129.04,3136.08,24834963,0.91
2022-02-17,3138.77,3156.87,3132.09,3139.18,25461095,0.87
2022-02-18,3126.28,3162.82,3121.95,3162.82,23878993,0.84
2022-02-21,3155.32,3155.88,3128.59,3144.86,26359310,1.1
2022-02-22,3122.04,3122.29,3082.39,3102.32,31556389,1.36
2022-02-23,3108.9,3120.34,3094.21,3118.04,29689006,1.12
2022-02-24,3098.14,3104.7,3038.35,3059.64,47071849,1.37
2022-02-25,3076.8,3104.87,3068.18,3075.59,35633018,1.47
2022-02-28,3069.1,3081.36,3049.56,3080.78,30665369,0.68
2022-03-01,3093.93,3129.26,3093.93,3125.69,27637981,1.16
2022-03-02,3108.62,3113.35,3097.89,3107.24,27745652,0.69
2022-03-03,3117.65,3124.89,3090.2,3097.09,37055877,0.76
2022-03-04,3068.4,3079.47,3052.69,3062.38,30916750,1.27
2022-03-07,3042.02,3042.02,2965.22,2974.68,42658437,1.59
2022-03-08,2983.05,3005.56,2920.97,2933.16,41055611,2.63
2022-03-09,2949.33,2965.57,2809.99,2907.18,47271918,2.64
2022-03-10,2969.49,2973.61,2931.09,2933.46,34223800,2.29
2022-03-11,2897.34,2944.25,2852.79,2935.68,36457746,2.2
2022-03-14,2889.83,2920.71,2851.86,2851.88,32374054,1.97
2022-03-15,2808.73,2825.55,2702.85,2702.85,52158420,3.2
2022-03-16,2746.15,2836.85,2688.7,2827.75,48116575,3.45
2022-03-17,2888.24,2918.54,2861.24,2877.22,43227264,2.29
2022-03-18,2869.7,2925.72,2853.77,2913.19,41302996,1.87
2022-03-21,2919.26,2919.26,2868.4,2892.11,30484657,1.86
2022-03-22,2893.57,2921.73,2885.02,2900.77,30745210,1.04
2022-03-23,2908.97,2928.44,2890.49,2916.51,30046700,1.33
2022-03-24,2898.14,2918.3,2885.37,2903.62,27733927,0.62
2022-03-25,2898.49,2910.92,2855.33,2856.43,26769999,0.9
2022-03-28,2817.26,2866.07,2798.7,2853.18,32136239,1.44
2022-03-29,2854.8,2873.61,2837.7,2842.15,23659055,0.74
2022-03-30,2864.24,2915.49,2861.55,2915.49,34005232,1.58
2022-03-31,2901.07,2915.51,2892.11,2898.83,33168180,1.17
2022-04-01,2886.36,2954.51,2877.07,2943.24,33968847,1.65
2022-04-06,2918.5,2941.05,2910.02,2931.2,43394908,1.75
2022-04-07,2916.8,2943.24,2896.73,2902.48,32822742,1.13
2022-04-08,2903.24,2929.89,2889.2,2925.49,36235320,1.14
2022-04-11,2908.54,2908.54,2839.56,2846.38,35918823,1.52
2022-04-12,2854.29,2895.53,2827.63,2894.26,33993926,1.77
2022-04-13,2881.74,2914.2,2871.05,2882.28,31148190,1.08
2022-04-14,2905.77,2947.45,2897.05,2928.6,28667727,1.62
2022-04-15,2911.14,2943.6,2908.56,2930.58,29589595,1.8
2022-04-18,2902.44,2902.44,2875.96,2887.72,29100859,1.4
2022-04-19,2881.9,2899.26,2843.65,2861.57,28428423,1.3
2022-04-20,2859.6,2868.57,2828.21,2835.35,29268541,1.15
2022-04-21,2821.36,2848.82,2784.56,2797.53,32855480,1.76
2022-04-22,2773.37,2826.68,2769.67,2814.13,30841685,1.29
2022-04-25,2750.56,2772.55,2682.52,2683.41,44285814,2.64
2022-04-26,2685.27,2729.19,2667.91,2681.03,40300799,2.62
2022-04-27,2674.46,2737.03,2674.18,2734.54,42085861,2.94
2022-04-28,2725.63,2775.06,2722.24,2769.71,37834530,2.29
2022-04-29,2772.95,2820.55,2742.97,2805.34,41414875,1.86
2022-05-05,2806.04,2824.54,2799.72,2800.93,35231760,1.65
2022-05-06,2754.97,2760.44,2716.17,2719.76,27479846,2.07
2022-05-09,2706.42,2716.66,2679.31,2695.13,21893335,1.47
2022-05-10,2653.99,2733.11,2644.87,2718.37,34330161,1.81
2022-05-11,2714.68,2769.48,2713.86,2741.23,38132220,1.97
2022-05-12,2723.41,2740.52,2711.35,2721.77,25835635,1.1
2022-05-13,2741.77,2760.43,2729.58,2748.24,27262977,0.85
2022-05-16,2764.39,2765.9,2710.57,2720.41,27278739,1.26
2022-05-17,2730.42,2756.74,2723.7,2756.74,28362394,0.99
2022-05-18,2765.28,2765.28,2720.92,2745.53,25319083,1.21
2022-05-19,2711.45,2748.3,2708.81,2744.55,25978539,0.95
2022-05-20,2759.83,2807.98,2759.83,2807.94,34667621,1.89
2022-05-23,2813.93,2813.93,2769.7,2782.55,28488753,1.51
2022-05-24,2784.65,2786.54,2733.7,2734.19,32609850,1.51
2022-05-25,2737.64,2749.07,2727.49,2743.42,23772738,1.29
2022-05-26,2749.99,2760.8,2717.74,2744.9,28441444,1.16
2022-05-27,2766.32,2789.24,2753.78,2763.07,29185247,1.15
2022-05-30,2777.85,2788.98,2767.09,2778.45,27674307,1.34
2022-05-31,2780.56,2817.49,2769.56,2813.22,32518688,1.14
2022-06-01,2811.15,2812.78,2783.61,2798.07,26244837,1.09
2022-06-02,2786.08,2794.1,2776.73,2790.32,25268373,0.78
2022-06-06,2792.44,2826.6,2762.96,2825.65,43391368,1.16
2022-06-07,2828.16,2863.14,2819.82,2846.81,36678863,1.23
2022-06-08,2857.69,2888.67,2849.26,2879.31,35299288,1.19
2022-06-09,2877.88,2896.74,2857.82,2868.42,39319631,1.15
2022-06-10,2843.58,2902.48,2836.86,2899.58,43608837,1.0
2022-06-13,2862.9,2868.62,2826.98,2844.72,47424829,1.26
2022-06-14,2814.82,2884.47,2808.98,2882.7,49868703,1.65
2022-06-15,2882.15,2971.36,2882.15,2923.99,67945052,2.6
2022-06-16,2927.16,2936.47,2888.74,2891.34,47081869,0.98
2022-06-17,2876.51,2943.32,2876.51,2936.2,40393929,1.52
2022-06-20,2935.22,2951.07,2904.38,2924.92,45610419,1.48
2022-06-21,2924.15,2945.7,2902.38,2926.48,55889183,1.21
2022-06-22,2932.06,2932.06,2890.76,2892.29,56598162,0.84
2022-06-23,2896.72,2936.64,2896.72,2935.88,62859405,0.95
2022-06-24,2945.29,2983.61,2944.19,2974.75,63000143,1.15
2022-06-27,2991.1,3034.69,2991.1,3013.95,61419226,1.61
2022-06-28,3012.62,3044.54,2991.54,3039.41,54792325,0.92
2022-06-29,3029.38,3050.45,3001.28,3009.24,50725386,0.97
2022-06-30,3001.81,3085.22,3001.81,3058.4,43874918,1.2
2022-07-01,3066.59,3072.85,3033.6,3045.27,45684764,0.89
2022-07-04,3031.06,3051.06,3011.33,3050.15,40903798,0.65
2022-07-05,3058.43,3078.4,3018.19,3052.11,45992568,1.19
2022-07-06,3041.49,3041.49,2979.33,2996.73,44206692,0.94
2022-07-07,2994.36,3005.0,2968.35,2989.21,36006411,0.81
2022-07-08,3012.88,3022.35,2992.63,2993.31,34455297,0.62
2022-07-11,2974.36,2974.36,2930.1,2942.3,44212390,0.92
2022-07-12,2942.52,2953.7,2910.45,2922.0,38270400,0.88
2022-07-13,2918.35,2930.39,2902.66,2914.29,41584475,0.62
2022-07-14,2906.48,2916.18,2882.57,2895.3,47853249,0.89
2022-07-15,2873.81,2912.32,2839.39,2839.39,46688478,1.7
2022-07-18,2849.99,2880.75,2826.13,2878.64,37044128,1.03
2022-07-19,2876.32,2876.4,2839.06,2865.6,31837183,1.05
2022-07-20,2883.52,2887.94,2867.59,2874.08,25435960,0.92
2022-07-21,2862.87,2866.31,2836.24,2836.66,31975666,0.92
2022-07-22,2845.92,2869.36,2828.65,2848.44,27685924,1.46
2022-07-25,2846.83,2846.98,2829.24,2837.26,21598772,0.84
2022-07-26,2845.14,2864.46,2843.0,2854.64,25431635,0.84
2022-07-27,2847.01,2847.86,2825.62,2829.92,22851265,1.33
2022-07-28,2839.25,2861.52,2826.53,2827.11,28466460,1.72
2022-07-29,2827.47,2849.25,2784.57,2792.33,33568668,1.29
2022-08-01,2785.69,2794.18,2763.58,2781.68,28003765,0.9
2022-08-02,2757.19,2757.19,2705.73,2730.76,38548568,1.26
2022-08-03,2735.16,2755.68,2705.95,2710.72,30843803,1.22
2022-08-04,2724.8,2743.62,2717.79,2741.09,26974489,1.84
2022-08-05,2748.65,2777.11,2738.14,2774.34,28242294,1.31
2022-08-08,2762.32,2771.36,2751.36,2761.16,23846182,0.88
2022-08-09,2760.24,2769.73,2752.49,2764.07,21903695,0.7
2022-08-10,2762.36,2770.5,2719.61,2730.96,22936910,0.92
2022-08-11,2744.68,2787.37,2737.88,2787.06,29472385,1.45
2022-08-12,2780.05,2802.58,2774.96,2796.89,26662477,0.98
2022-08-15,2787.51,2811.24,2779.63,2782.67,26458290,0.63
2022-08-16,2785.94,2793.27,2764.66,2769.26,23477494,0.67
2022-08-17,2773.39,2791.71,2751.02,2785.85,28030548,0.8
2022-08-18,2778.13,2783.76,2751.48,2759.29,22583132,0.81
2022-08-19,2755.09,2772.22,2750.06,2750.63,28186658,0.84
2022-08-22,2737.4,2767.28,2736.13,2756.37,29128136,1.32
2022-08-23,2754.63,2759.69,2727.74,2735.67,24908538,1.07
2022-08-24,2738.38,2750.87,2706.15,2708.09,30925306,1.63
2022-08-25,2715.64,2756.94,2707.46,2752.56,31964009,1.69
2022-08-26,2758.51,2763.64,2745.52,2751.59,26031347,0.98
2022-08-29,2721.86,2736.6,2718.97,2732.21,24890507,0.77
2022-08-30,2731.98,2741.6,2705.05,2726.66,25930522,0.77
2022-08-31,2713.29,2779.62,2713.29,2761.78,39886395,1.68
2022-09-01,2750.03,2757.88,2731.7,2732.4,25422479,1.25
2022-09-02,2737.2,2740.66,2698.33,2711.26,22781335,1.72
2022-09-05,2700.11,2706.96,2676.6,2697.77,24938690,1.07
2022-09-06,2706.1,2726.72,2704.0,2724.5,29124448,1.25
2022-09-07,2709.77,2718.17,2703.08,2710.69,23454754,0.99
2022-09-08,2714.03,2725.25,2707.47,2708.28,24209022,0.92
2022-09-09,2719.01,2763.17,2710.77,2757.57,32485640,1.46
2022-09-13,2769.41,2781.4,2751.09,2769.23,29928992,1.38
2022-09-14,2734.91,2760.4,2732.78,2745.43,24848499,1.93
2022-09-15,2753.13,2769.46,2728.84,2743.79,33698861,2.55
2022-09-16,2731.96,2738.65,2678.03,2678.03,38441774,3.38
2022-09-19,2677.33,2695.4,2669.09,2679.59,27260379,1.71
2022-09-20,2688.17,2691.55,2666.66,2673.88,23751394,1.32
2022-09-21,2667.17,2670.06,2641.72,2652.21,23960147,1.19
2022-09-22,2632.0,2645.57,2621.82,2629.37,24229236,1.4
2022-09-23,2625.25,2649.81,2618.94,2629.81,30277934,1.32
2022-09-26,2612.67,2650.25,2611.53,2614.9,34384533,1.65
2022-09-27,2616.05,2645.74,2605.24,2642.92,26144970,1.57
2022-09-28,2635.26,2637.02,2608.64,2611.98,24732086,1.57
2022-09-29,2633.07,2644.07,2596.96,2608.98,25969017,1.56
2022-09-30,2618.08,2631.78,2604.93,2610.12,23244464,1.6
2022-10-10,2610.76,2611.05,2542.01,2545.05,33718358,1.65
2022-10-11,2552.17,2553.21,2532.28,2539.95,24216496,1.07
2022-10-12,2537.81,2556.52,2482.55,2555.02,28635606,1.72
2022-10-13,2534.51,2541.16,2517.44,2523.63,28627223,1.36
2022-10-14,2544.24,2599.14,2541.38,2584.68,33449619,2.23
2022-10-17,2572.61,2588.34,2561.24,2585.5,26826742,1.11
2022-10-18,2594.7,2598.21,2565.04,2569.97,20975050,1.04
2022-10-19,2562.54,2572.3,2519.9,2519.9,21590683,1.36
2022-10-20,2495.02,2535.39,2494.29,2501.5,23833182,1.55
2022-10-21,2503.11,2510.6,2473.2,2487.22,27251549,1.34
2022-10-24,2468.7,2493.06,2386.54,2392.6,39801915,3.77
2022-10-25,2386.85,2427.32,2376.16,2394.92,28439409,2.32
2022-10-26,2395.87,2438.69,2392.74,2400.52,36580109,2.86
2022-10-27,2413.02,2432.15,2379.06,2381.26,35517252,2.31
2022-10-28,2364.75,2377.91,2322.64,2326.94,32458223,2.37
2022-10-31,2300.88,2327.06,2288.01,2295.92,41520625,2.59
2022-11-01,2306.43,2397.0,2306.43,2396.63,50098867,2.92
2022-11-02,2385.71,2437.95,2375.51,2418.32,42290890,3.33
2022-11-03,2396.47,2409.14,2376.07,2387.45,28652756,2.06
2022-11-04,2383.96,2479.23,2383.96,2468.28,40622068,2.79
2022-11-07,2452.01,2490.32,2449.63,2477.77,40441961,2.36
2022-11-08,2476.65,2482.58,2442.92,2459.09,27299352,1.4
2022-11-09,2460.24,2470.41,2435.02,2440.35,25125325,1.41
2022-11-10,2422.01,2451.47,2414.35,2440.32,38204021,2.48
2022-11-11,2511.78,2546.09,2482.11,2518.05,61500881,3.6
2022-11-14,2550.97,2577.2,2532.55,2538.3,50342000,3.29
2022-11-15,2535.28,2594.27,2526.62,2583.72,36580901,2.6
2022-11-16,2581.93,2595.3,2568.38,2572.89,28836155,1.66
2022-11-17,2566.28,2569.43,2531.3,2560.02,27483703,2.18
2022-11-18,2563.27,2572.71,2544.84,2546.72,28456962,1.6
2022-11-21,2523.05,2523.05,2489.44,2514.85,25530779,1.76
2022-11-22,2516.7,2555.79,2508.86,2531.34,37295381,2.0
2022-11-23,2524.18,2554.76,2520.83,2535.52,35963861,1.98
2022-11-24,2550.3,2562.08,2517.18,2520.56,22319192,1.51
2022-11-25,2518.88,2554.54,2512.88,2544.61,41295288,1.34
2022-11-28,2489.47,2507.78,2458.87,2503.62,32774737,2.18
2022-11-29,2538.61,2611.75,2538.61,2607.75,49083250,2.98
2022-11-30,2595.23,2623.85,2593.51,2606.54,40555440,1.49
2022-12-01,2661.18,2678.34,2629.89,2631.21,44157533,1.64
2022-12-02,2628.11,2630.26,2609.51,2614.61,29314794,1.74
2022-12-05,2647.46,2676.42,2635.75,2676.14,54629803,2.3
2022-12-06,2663.11,2704.9,2658.16,2684.85,36256033,1.73
2022-12-07,2678.64,2705.24,2661.25,2670.65,34532578,1.94
2022-12-08,2667.36,2681.65,2661.75,2672.9,26334919,0.96
2022-12-09,2676.71,2712.88,2663.6,2706.74,38346283,1.68
2022-12-12,2689.57,2700.4,2670.2,2673.94,31632079,1.03
2022-12-13,2673.54,2688.22,2668.48,2676.9,28521298,0.75
2022-12-14,2678.47,2698.01,2663.78,2686.37,25966933,1.5
2022-12-15,2689.57,2697.42,2661.85,2675.19,23159163,1.15
2022-12-16,2662.48,2691.19,2662.48,2688.29,24961068,1.17
2022-12-19,2688.12,2696.93,2635.19,2646.18,26354633,1.68
2022-12-20,2636.08,2640.01,2580.87,2599.49,21723971,1.73
2022-12-21,2608.87,2617.92,2602.61,2607.42,15738830,1.16
2022-12-22,2632.2,2645.73,2608.44,2619.76,21069503,1.24
2022-12-23,2602.41,2628.39,2595.85,2615.88,15929014,1.63
2022-12-26,2617.18,2625.88,2604.9,2607.52,19812417,0.98
2022-12-27,2623.17,2640.74,2616.93,2632.45,21814661,1.55
2022-12-28,2629.98,2646.71,2620.12,2638.31,23171189,1.51
2022-12-29,2622.19,2627.43,2605.05,2622.07,22776667,1.39
2022-12-30,2633.16,2648.41,2631.85,2635.25,23889757,1.22
2023-01-03,2628.67,2645.99,2603.72,2641.42,30230100,1.48
2023-01-04,2644.29,2659.54,2637.72,2651.01,28065521,1.45
2023-01-05,2670.46,2705.74,2668.15,2700.31,27714894,1.63
2023-01-06,2704.24,2721.93,2698.91,2713.63,28367259,1.11
2023-01-09,2731.0,2747.61,2722.15,2742.2,29682897,1.22
2023-01-10,2742.7,2748.64,2731.82,2733.62,24212915,0.79
2023-01-11,2739.94,2760.1,2733.43,2740.19,24748045,1.17
2023-01-12,2749.69,2752.12,2732.83,2741.95,22257903,0.8
2023-01-13,2751.58,2787.36,2747.36,2787.36,24652015,1.32
2023-01-16,2789.87,2864.88,2787.95,2834.29,39276584,3.17
2023-01-17,2833.74,2837.59,2813.72,2827.03,24969526,1.64
2023-01-18,2829.79,2838.83,2807.55,2810.09,20562468,0.93
2023-01-19,2807.56,2823.11,2786.08,2820.81,23936652,2.25
2023-01-20,2831.68,2847.31,2822.69,2836.81,34410546,1.09
2023-01-30,2895.35,2895.35,2835.65,2839.12,42026518,1.53
2023-01-31,2842.52,2853.9,2804.98,2807.95,30032900,2.13
2023-02-01,2819.18,2820.87,2780.89,2820.87,37555987,1.87
2023-02-02,2828.53,2828.53,2798.35,2811.85,34064475,1.28
2023-02-03,2795.11,2795.11,2753.06,2774.8,31007460,1.53
2023-02-06,2744.7,2744.7,2716.73,2735.0,26304300,1.7
2023-02-07,2744.7,2752.79,2730.83,2740.44,20708210,1.14
2023-02-08,2744.49,2758.04,2727.77,2731.25,20115261,0.87
2023-02-09,2725.2,2765.62,2723.56,2761.87,19825081,1.57
2023-02-10,2757.53,2757.53,2738.61,2746.72,18510167,0.95
2023-02-13,2739.72,2772.05,2733.21,2767.79,30104364,1.47
2023-02-14,2770.24,2776.98,2760.59,2776.98,22294840,0.79
2023-02-15,2776.01,2780.59,2746.28,2752.34,23919067,0.98
2023-02-16,2754.95,2787.16,2725.84,2742.8,32593974,1.97
2023-02-17,2737.01,2759.52,2712.5,2714.29,27014083,1.76
2023-02-20,2720.05,2790.98,2717.5,2788.4,38545666,3.43
2023-02-21,2785.99,2805.71,2779.18,2802.14,35587226,2.67
2023-02-22,2786.72,2795.24,2766.36,2769.34,21310123,1.93
2023-02-23,2770.72,2790.89,2757.49,2767.54,23120961,1.17
2023-02-24,2762.79,2764.65,2722.18,2727.59,25062085,1.24
2023-02-27,2713.43,2738.12,2712.79,2723.58,22288276,0.8
2023-02-28,2730.52,2740.22,2703.26,2737.15,24170896,1.22
2023-03-01,2736.05,2783.32,2729.8,2773.65,35893952,2.28
2023-03-02,2766.08,2782.79,2762.11,2769.11,33747752,1.04
2023-03-03,2778.89,2784.13,2757.69,2774.51,40428992,1.08
2023-03-06,2773.27,2774.0,2734.96,2744.14,38301675,1.43
2023-03-07,2741.79,2761.35,2711.25,2713.17,55146111,1.8
2023-03-08,2698.59,2699.88,2679.17,2691.93,29539308,1.38
2023-03-09,2694.15,2697.25,2660.62,2671.84,27251214,1.96
2023-03-10,2648.81,2667.96,2636.01,2636.39,28778692,1.66
2023-03-13,2637.82,2672.01,2637.71,2664.04,34164329,1.23
2023-03-14,2658.28,2658.28,2627.0,2645.11,33042266,1.41
2023-03-15,2666.94,2674.08,2647.96,2648.39,33345926,1.44
2023-03-16,2627.04,2647.53,2621.72,2622.82,39478516,1.37
2023-03-17,2644.95,2672.29,2620.43,2628.59,43717732,2.35
2023-03-20,2632.25,2644.83,2614.28,2616.75,42916078,1.19
2023-03-21,2623.58,2648.05,2622.85,2643.36,31161690,1.86
2023-03-22,2652.71,2666.7,2643.12,2651.53,26143513,1.66
2023-03-23,2641.82,2668.67,2641.07,2668.67,28767182,0.9
2023-03-24,2664.53,2664.53,2648.34,2653.29,30711612,0.9
2023-03-27,2652.79,2652.79,2626.58,2639.62,34045359,1.06
2023-03-28,2646.98,2653.57,2633.92,2638.74,27215781,1.02
2023-03-29,2655.41,2658.13,2632.84,2636.22,26888679,0.93
2023-03-30,2639.36,2665.34,2628.1,2664.21,33612471,1.23
2023-03-31,2670.95,2681.82,2657.77,2661.92,28888859,1.24
2023-04-03,2667.18,2673.66,2655.07,2665.72,35269835,1.23
2023-04-04,2668.4,2676.06,2657.86,2675.92,39497343,1.12
2023-04-06,2668.13,2672.72,2659.91,2666.45,29605541,1.08
2023-04-07,2667.14,2692.51,2663.61,2684.86,24161042,0.93
2023-04-10,2690.43,2690.43,2671.52,2684.91,32266430,0.91
2023-04-11,2690.63,2694.32,2671.95,2680.04,34114834,1.09
2023-04-12,2684.05,2684.44,2663.2,2665.77,34962726,0.75
2023-04-13,2659.94,2675.0,2652.96,2670.01,36099587,0.9
2023-04-14,2679.13,2692.46,2668.81,2679.01,30896338,0.8
2023-04-17,2680.63,2732.97,2678.14,2732.97,45366139,1.75
2023-04-18,2724.49,2753.81,2722.61,2744.45,39615955,1.45
2023-04-19,2746.06,2746.06,2716.75,2720.72,32903094,1.5
2023-04-20,2718.24,2721.2,2693.26,2704.86,35867167,2.11
2023-04-21,2703.4,2703.4,2652.26,2654.21,37325688,1.47
2023-04-24,2655.08,2656.67,2611.38,2618.48,37410502,1.39
2023-04-25,2621.02,2629.73,2596.56,2619.23,39516242,1.45
2023-04-26,2614.96,2627.58,2605.18,2617.98,36961348,2.1
2023-04-27,2618.46,2658.78,2612.92,2650.57,36174826,1.3
2023-04-28,2653.14,2683.47,2653.14,2677.76,40548779,1.14
2023-05-04,2663.45,2696.59,2654.23,2692.69,54055929,1.71
2023-05-05,2698.59,2706.33,2672.03,2685.17,46797694,0.91
2023-05-08,2694.57,2727.73,2685.52,2720.32,63882547,1.64
2023-05-09,2723.19,2751.44,2702.77,2703.94,68807967,2.01
2023-05-10,2698.77,2706.2,2669.73,2673.91,54524777,2.69
2023-05-11,2682.38,2688.69,2663.54,2666.06,32992010,0.72
2023-05-12,2662.8,2668.88,2630.29,2630.95,34912863,1.78
2023-05-15,2628.46,2677.26,2619.56,2677.04,44553216,1.56
2023-05-16,2681.39,2685.58,2661.95,2670.45,33879998,0.88
2023-05-17,2666.04,2673.02,2642.63,2649.36,26249927,1.37
2023-05-18,2653.01,2665.28,2634.61,2644.22,31967361,1.06
2023-05-19,2632.59,2649.69,2614.96,2633.39,29813860,1.04
2023-05-22,2630.11,2669.23,2628.76,2658.79,28098533,1.29
2023-05-23,2657.92,2662.39,2617.54,2617.54,30513962,1.21
2023-05-24,2615.57,2615.57,2576.83,2577.34,36912434,2.18
2023-05-25,2567.45,2572.19,2544.27,2564.5,31772049,1.2
2023-05-26,2562.55,2569.23,2536.26,2559.61,24048616,1.04
2023-05-29,2565.59,2566.83,2537.0,2548.29,29439821,1.03
2023-05-30,2546.17,2553.95,2508.29,2535.14,31874037,1.64
2023-05-31,2524.79,2525.11,2485.86,2493.35,30754858,1.74
2023-06-01,2487.76,2522.86,2487.76,2500.34,32490221,1.58
2023-06-02,2511.69,2547.09,2511.33,2543.58,30418231,1.35
2023-06-05,2540.02,2542.48,2522.71,2528.4,29734417,0.78
2023-06-06,2528.17,2560.06,2516.47,2519.19,30830596,1.29
2023-06-07,2528.85,2537.23,2506.2,2511.39,23479390,0.89
2023-06-08,2512.45,2549.32,2504.1,2540.06,29033281,1.29
2023-06-09,2541.03,2550.59,2536.18,2543.93,29638600,1.43
2023-06-12,2536.38,2553.99,2524.31,2542.2,36235161,1.48
2023-06-13,2535.99,2547.85,2523.97,2544.95,29331674,0.74
2023-06-14,2549.67,2564.34,2540.58,2541.81,33883066,1.36
2023-06-15,2547.49,2576.74,2546.21,2576.74,32520795,1.01
2023-06-16,2581.97,2604.63,2581.77,2600.92,35861299,1.17
2023-06-19,2591.33,2591.33,2556.89,2560.53,36473350,0.83
2023-06-20,2558.1,2564.54,2544.05,2547.25,28713670,0.7
2023-06-21,2536.95,2548.93,2519.08,2519.08,32391757,1.08
2023-06-26,2500.85,2503.11,2482.61,2488.74,31879471,1.74
2023-06-27,2490.98,2513.98,2481.75,2506.6,32448209,1.28
2023-06-28,2501.16,2511.62,2491.25,2510.72,27910636,1.7
2023-06-29,2510.89,2513.55,2490.64,2490.9,24269593,0.71
2023-06-30,2484.65,2508.25,2482.49,2492.1,24104247,0.9
2023-07-03,2496.92,2537.69,2496.43,2534.47,34624875,1.14
2023-07-04,2532.59,2539.82,2525.38,2537.6,31286966,0.5
2023-07-05,2533.19,2537.19,2514.09,2520.18,30813953,0.62
2023-07-06,2513.43,2525.56,2495.91,2501.32,26487658,0.58
2023-07-07,2493.49,2500.58,2484.89,2489.54,24025853,0.76
2023-07-10,2501.53,2520.15,2495.87,2503.28,24539131,0.74
2023-07-11,2513.71,2521.05,2504.2,2518.53,22815691,0.8
2023-07-12,2516.68,2529.53,2510.16,2513.42,30323021,0.75
2023-07-13,2519.38,2547.78,2519.38,2546.38,34374789,1.14
2023-07-14,2554.64,2556.85,2543.18,2547.94,36353195,0.77
2023-07-17,2535.64,2535.64,2511.36,2520.79,31735395,1.25
2023-07-18,2520.62,2520.62,2503.52,2511.64,26681996,0.6
2023-07-19,2506.42,2518.9,2503.34,2517.11,22119097,0.75
2023-07-20,2523.27,2535.61,2503.48,2506.86,24549000,1.0
2023-07-21,2501.4,2527.28,2496.81,2509.29,22413005,1.56
2023-07-24,2492.22,2509.78,2492.19,2500.0,19065789,0.82
2023-07-25,2539.48,2578.96,2539.48,2578.35,40357653,3.25
2023-07-26,2574.81,2581.25,2564.89,2576.39,26070635,1.03
2023-07-27,2580.24,2596.33,2569.1,2575.36,29762572,1.67
2023-07-28,2564.87,2653.26,2563.16,2647.03,48566528,2.37
2023-07-31,2666.49,2700.74,2644.09,2653.37,51744806,2.07
2023-08-01,2652.24,2670.25,2636.15,2645.89,39178875,1.51
2023-08-02,2635.55,2651.18,2612.35,2620.68,37123029,1.82
2023-08-03,2617.79,2647.36,2612.4,2645.15,34042304,1.7
2023-08-04,2664.59,2680.74,2646.15,2648.84,48203634,2.04
2023-08-07,2635.78,2636.69,2622.67,2634.58,31748609,2.02
2023-08-08,2625.67,2646.6,2610.81,2631.38,27366486,1.73
2023-08-09,2623.15,2638.09,2622.06,2628.7,23987307,2.03
2023-08-10,2623.8,2632.57,2609.82,2629.44,24628325,1.42
2023-08-11,2630.99,2631.8,2568.9,2568.9,35996802,2.79
2023-08-14,2538.85,2554.39,2526.07,2549.28,33544098,1.49
2023-08-15,2550.94,2556.0,2522.24,2546.44,27888491,1.59
2023-08-16,2533.9,2549.94,2529.43,2530.81,25629806,1.47
2023-08-17,2516.75,2540.54,2507.9,2536.49,24783544,1.71
2023-08-18,2537.14,2545.8,2507.58,2507.58,26305781,2.14
2023-08-21,2498.13,2508.96,2475.09,2475.09,28643647,1.64
2023-08-22,2485.56,2505.03,2464.28,2493.76,41261520,2.02
2023-08-23,2491.37,2498.32,2459.33,2461.19,29654617,2.1
2023-08-24,2468.32,2497.19,2466.86,2480.75,36665820,1.41
2023-08-25,2468.74,2502.19,2466.55,2485.33,30085353,1.68
2023-08-28,2612.31,2612.98,2507.98,2518.19,54527239,3.97
2023-08-29,2512.32,2546.69,2511.79,2529.22,39909534,2.29
2023-08-30,2540.84,2540.84,2518.66,2522.54,35817962,1.41
2023-08-31,2526.69,2532.17,2505.83,2510.46,29685202,1.17
2023-09-01,2520.7,2544.05,2520.7,2532.25,29082104,1.71
2023-09-04,2550.17,2583.67,2547.59,2577.47,40656936,2.05
2023-09-05,2569.76,2569.76,2557.97,2561.79,26684673,1.04
2023-09-06,2553.59,2564.43,2544.6,2559.36,23862054,0.96
2023-09-07,2552.36,2552.86,2531.1,2534.16,25242432,0.95
2023-09-08,2527.46,2529.85,2512.41,2519.97,18042629,1.1
2023-09-11,2519.3,2550.01,2519.3,2536.17,24454024,1.03
2023-09-12,2533.6,2538.69,2527.34,2531.83,20584905,0.66
2023-09-13,2536.39,2543.12,2510.09,2524.54,24199656,1.4
2023-09-14,2529.19,2539.67,2519.4,2530.98,31215489,1.2
2023-09-15,2538.26,2546.42,2508.24,2514.98,33666399,2.39
2023-09-18,2509.15,2532.43,2503.02,2531.9,25420942,1.09
2023-09-19,2529.48,2533.79,2517.4,2532.28,22940704,0.87
2023-09-20,2527.75,2529.02,2519.13,2521.56,22882473,1.15
2023-09-21,2515.47,2519.91,2495.74,2495.74,23891417,1.35
2023-09-22,2498.24,2550.98,2489.32,2550.98,32978575,2.65
2023-09-25,2548.89,2548.89,2526.07,2529.15,25569881,1.34
2023-09-26,2526.35,2534.2,2512.03,2513.41,23341964,1.14
2023-09-27,2515.82,2538.68,2514.23,2520.14,27540832,1.67
2023-09-28,2530.23,2531.07,2504.21,2507.09,24916691,1.91
2023-10-09,2497.47,2504.02,2474.81,2499.57,27608360,1.51
2023-10-10,2510.51,2513.85,2481.39,2482.53,28702040,1.36
2023-10-11,2497.56,2502.63,2486.37,2490.86,26372287,1.06
2023-10-12,2518.83,2524.2,2504.37,2514.39,33661372,1.37
2023-10-13,2495.15,2499.07,2482.89,2489.13,25792374,1.33
2023-10-16,2490.92,2491.62,2461.38,2468.44,25080812,1.16
2023-10-17,2474.12,2480.94,2462.37,2478.9,23488548,1.09
2023-10-18,2471.59,2478.68,2463.66,2467.19,24591894,1.37
2023-10-19,2450.17,2450.18,2400.19,2401.93,31149685,3.29
2023-10-20,2394.62,2402.79,2379.74,2389.22,27929409,2.05
2023-10-23,2380.3,2390.8,2351.45,2369.93,26469956,2.49
2023-10-24,2374.87,2382.73,2355.59,2378.44,31452286,1.71
2023-10-25,2402.75,2408.89,2383.1,2386.3,39991649,2.48
2023-10-26,2375.04,2394.99,2372.54,2393.73,28462666,1.25
2023-10-27,2383.99,2426.8,2380.34,2414.91,31647536,1.43
2023-10-30,2406.95,2420.98,2403.27,2414.16,39706697,1.19
2023-10-31,2409.89,2416.57,2400.26,2411.48,31393681,1.48
2023-11-01,2456.38,2456.38,2416.68,2420.73,25950506,2.13
2023-11-02,2429.72,2440.34,2416.66,2417.46,25313330,0.93
2023-11-03,2419.69,2443.3,2418.92,2436.94,24430249,0.95
2023-11-06,2452.84,2460.76,2443.39,2456.77,39448493,1.21
2023-11-07,2450.27,2450.38,2436.38,2443.97,25409512,1.09
2023-11-08,2436.87,2448.87,2426.2,2436.7,25416171,1.06
2023-11-09,2428.51,2444.35,2427.64,2436.23,28423914,1.15
2023-11-10,2424.49,2428.12,2409.04,2414.02,24477685,1.26
2023-11-13,2415.96,2421.17,2396.31,2407.59,23455482,1.05
2023-11-14,2410.48,2419.22,2397.18,2406.4,23421802,1.17
2023-11-15,2428.82,2431.83,2419.64,2427.12,24622131,1.52
2023-11-16,2422.85,2425.3,2402.11,2404.32,22200157,1.69
2023-11-17,2396.59,2401.79,2379.33,2398.2,22301093,5.96
2023-11-20,2399.76,2413.31,2383.56,2404.77,21238673,1.5
2023-11-21,2415.13,2432.77,2412.01,2416.24,26462616,1.7
2023-11-22,2408.98,2414.24,2396.9,2396.9,21724455,1.28
2023-11-23,2393.49,2407.2,2386.58,2405.17,19801601,1.15
2023-11-24,2403.92,2403.92,2390.17,2391.02,20234203,1.36
2023-11-27,2387.98,2387.98,2357.09,2370.72,26821001,1.37
2023-11-28,2368.92,2374.97,2361.74,2371.21,20064514,1.08
2023-11-29,2374.03,2374.36,2351.1,2358.12,25739104,2.99
2023-11-30,2358.21,2370.95,2354.69,2366.0,25642019,1.17
2023-12-01,2362.63,2362.63,2330.74,2352.0,28357550,3.48
2023-12-04,2351.31,2353.0,2332.85,2333.88,23004550,1.28
2023-12-05,2327.34,2327.34,2285.96,2286.58,25193874,2.05
2023-12-06,2281.73,2298.3,2275.28,2284.06,30677731,1.54
2023-12-07,2280.09,2284.94,2259.82,2274.83,25959560,1.8
2023-12-08,2274.18,2287.09,2269.28,2281.65,33512910,1.23
2023-12-11,2264.99,2299.66,2244.28,2292.68,35010082,2.95
2023-12-12,2285.21,2306.04,2282.09,2305.14,28848714,2.7
2023-12-13,2298.27,2298.27,2260.6,2261.02,24866346,1.95
2023-12-14,2274.25,2280.85,2249.39,2249.94,20626914,1.7
2023-12-15,2262.04,2283.54,2244.8,2245.29,27458678,2.54
2023-12-18,2237.01,2260.35,2227.98,2251.23,25881915,1.58
2023-12-19,2248.45,2264.29,2238.87,2257.21,22119560,1.66
2023-12-20,2253.68,2258.49,2236.88,2237.58,24979420,1.51
2023-12-21,2228.77,2266.77,2227.97,2261.38,28726944,2.98
2023-12-22,2262.16,2282.77,2251.45,2270.5,29596181,3.76
2023-12-25,2266.39,2276.13,2263.6,2272.96,19434561,1.75
2023-12-26,2273.05,2273.05,2255.35,2262.21,19899127,2.13
2023-12-27,2263.49,2271.23,2250.01,2266.54,26761125,2.42
2023-12-28,2267.06,2322.05,2265.23,2317.7,42922566,2.77
2023-12-29,2314.07,2327.68,2309.43,2326.17,30362343,1.95
2024-01-02,2316.43,2316.74,2292.23,2292.23,31375477,1.67
2024-01-03,2287.76,2299.68,2283.59,2294.84,29314375,1.33
2024-01-04,2293.46,2296.12,2260.35,2279.04,32125788,1.92
2024-01-05,2272.94,2295.6,2256.6,2268.54,35589372,2.16
2024-01-08,2265.24,2272.04,2240.56,2243.84,31500656,1.89
2024-01-09,2243.41,2251.54,2234.91,2245.62,30269328,1.81
2024-01-10,2239.03,2257.85,2233.18,2235.21,25713298,1.7
2024-01-11,2234.82,2251.08,2226.28,2240.11,30524425,1.6
2024-01-12,2231.29,2250.73,2229.59,2237.21,25893778,1.26
2024-01-15,2227.36,2256.8,2225.24,2238.5,23715095,1.2
2024-01-16,2231.82,2249.05,2223.44,2248.98,28782237,2.41
2024-01-17,2241.02,2242.61,2199.26,2199.26,30628292,2.7
2024-01-18,2191.89,2242.33,2163.87,2238.46,54944741,10.24
2024-01-19,2227.73,2250.61,2218.17,2243.54,35865114,8.03
2024-01-22,2237.77,2257.59,2206.76,2230.61,44786209,6.1
2024-01-23,2220.5,2239.65,2204.37,2226.37,34015311,3.04
2024-01-24,2238.33,2264.52,2209.51,2260.56,44198033,3.46
2024-01-25,2264.02,2314.5,2261.37,2312.85,61945377,3.28
2024-01-26,2303.32,2323.35,2295.96,2314.37,58316299,5.16
2024-01-29,2312.7,2327.36,2304.44,2304.44,59549043,2.47
2024-01-30,2292.22,2303.72,2270.98,2270.98,43267598,2.71
2024-01-31,2261.12,2273.1,2243.9,2254.3,42928757,4.14
2024-02-01,2245.48,2270.07,2238.71,2248.27,39890138,4.28
2024-02-02,2252.65,2264.06,2184.77,2229.01,50637119,4.48
2024-02-05,2221.94,2270.37,2203.07,2255.28,59314022,3.47
2024-02-06,2250.11,2321.45,2246.82,2318.84,58385076,5.06
2024-02-07,2323.12,2344.79,2305.51,2344.15,64784099,6.37
2024-02-08,2345.08,2355.77,2330.83,2352.58,50486201,6.98
2024-02-19,2368.45,2371.55,2348.41,2371.55,52160225,3.71
2024-02-20,2367.92,2372.86,2353.97,2369.08,37486079,2.1
2024-02-21,2359.18,2439.21,2355.4,2410.23,50005382,4.16
2024-02-22,2403.88,2433.23,2403.0,2433.08,37555411,1.85
2024-02-23,2431.87,2447.8,2424.17,2433.41,40063072,2.25
2024-02-26,2427.23,2430.97,2388.39,2393.55,41328340,4.04
2024-02-27,2383.14,2405.06,2381.57,2405.06,33600960,2.65
2024-02-28,2405.88,2417.33,2385.61,2385.61,44763907,3.81
2024-02-29,2378.14,2413.14,2378.14,2413.14,35192528,2.73
2024-03-01,2408.3,2420.38,2397.64,2414.84,34435007,2.53
2024-03-04,2412.08,2422.82,2404.92,2418.58,40298113,2.7
2024-03-05,2410.46,2450.06,2407.05,2446.42,43956093,5.16
2024-03-06,2443.85,2450.43,2433.07,2434.12,38753975,3.18
2024-03-07,2430.42,2446.3,2418.13,2426.97,38335786,2.06
2024-03-08,2423.14,2433.33,2410.15,2426.17,34911257,1.73
2024-03-11,2426.73,2443.11,2418.34,2443.11,39152145,2.2
2024-03-12,2443.23,2458.92,2436.08,2450.47,50577285,3.41
2024-03-13,2445.8,2445.8,2419.45,2427.6,36948673,2.15
2024-03-14,2431.77,2446.88,2415.06,2423.86,36882246,1.81
2024-03-15,2417.57,2430.59,2409.61,2427.2,33007509,2.17
2024-03-18,2424.92,2438.83,2419.88,2438.19,37047252,1.9
2024-03-19,2430.3,2441.6,2416.03,2416.83,34332515,2.11
2024-03-20,2412.61,2430.72,2408.48,2426.46,30838610,1.72
2024-03-21,2432.93,2441.27,2424.88,2427.1,29208415,1.29
2024-03-22,2417.94,2420.77,2386.2,2403.2,34073555,3.11
2024-03-25,2398.32,2418.31,2393.06,2401.21,34383731,1.5
2024-03-26,2404.21,2415.71,2398.6,2413.74,31362498,1.55
2024-03-27,2408.91,2421.13,2398.94,2398.94,32072916,1.79
2024-03-28,2395.22,2424.77,2387.42,2401.99,36870800,2.48
2024-03-29,2399.46,2418.56,2399.28,2414.92,34133586,1.35
2024-04-01,2422.73,2448.88,2422.73,2441.57,36210013,2.05
2024-04-02,2441.49,2447.37,2428.03,2435.76,35726428,1.41
2024-04-03,2439.43,2441.67,2423.88,2430.17,31959986,1.27
2024-04-08,2419.03,2431.41,2407.36,2414.09,39873596,2.01
2024-04-09,2411.78,2418.6,2399.28,2404.61,35622867,1.41
2024-04-10,2403.73,2412.59,2388.68,2396.74,33612707,1.8
2024-04-11,2383.7,2402.75,2380.51,2394.87,31288036,1.38
2024-04-12,2397.28,2402.64,2370.28,2374.05,32363758,1.6
2024-04-15,2367.86,2424.93,2367.76,2424.02,50130502,3.08
2024-04-16,2414.76,2429.39,2398.43,2412.32,46952482,2.28
2024-04-17,2407.96,2440.58,2397.44,2439.86,45944602,2.13
2024-04-18,2430.7,2468.36,2429.63,2445.2,46624462,2.49
2024-04-19,2433.98,2444.02,2424.17,2430.58,38884690,1.79
2024-04-22,2433.18,2450.26,2422.77,2424.75,40368061,1.72
2024-04-23,2420.62,2426.89,2409.95,2413.74,37932055,1.16
2024-04-24,2422.63,2426.96,2406.88,2424.12,29386859,1.42
2024-04-25,2419.5,2437.31,2411.57,2431.62,28317818,1.16
2024-04-26,2432.76,2467.27,2432.76,2461.86,47838029,2.18
2024-04-29,2458.18,2492.93,2453.48,2474.34,53401197,2.71
2024-04-30,2473.51,2484.1,2464.24,2464.24,46814370,1.3
2024-05-06,2495.47,2505.6,2487.32,2495.76,56007811,2.18
2024-05-07,2496.02,2504.03,2489.37,2499.77,38042631,1.18
2024-05-08,2495.62,2497.15,2484.38,2486.02,32306111,1.07
2024-05-09,2483.66,2506.28,2483.66,2501.73,37662111,1.02
2024-05-10,2508.06,2515.02,2492.36,2508.58,40528642,2.03
2024-05-13,2499.69,2512.24,2487.65,2506.46,41036748,1.78
2024-05-14,2507.2,2510.42,2491.25,2496.74,33885687,1.19
2024-05-15,2494.76,2498.95,2475.96,2477.39,29457288,1.46
2024-05-16,2484.27,2498.89,2475.84,2489.41,39199339,1.64
2024-05-17,2492.57,2524.18,2485.82,2524.17,44218563,2.0
2024-05-20,2529.92,2544.52,2524.19,2532.82,46691985,1.39
2024-05-21,2526.94,2531.63,2518.27,2525.23,33118645,1.05
2024-05-22,2524.69,2535.06,2519.03,2529.04,38076048,1.22
2024-05-23,2518.14,2519.07,2495.16,2500.82,35048003,2.15
2024-05-24,2494.37,2504.41,2473.23,2474.43,31294242,1.97
2024-05-27,2478.26,2500.11,2478.26,2497.6,35770897,1.81
2024-05-28,2498.03,2505.79,2486.1,2490.16,33003573,1.05
2024-05-29,2489.52,2510.07,2486.58,2493.17,31785111,1.16
2024-05-30,2488.32,2500.31,2468.26,2473.76,34349983,1.47
2024-05-31,2480.21,2487.13,2462.18,2462.18,28593170,1.12
2024-06-03,2461.35,2476.8,2454.98,2469.02,32935234,1.3
2024-06-04,2465.61,2488.75,2462.67,2483.32,31903183,1.46
2024-06-05,2477.31,2483.33,2467.46,2468.19,29453857,1.29
2024-06-06,2474.23,2492.05,2462.13,2467.89,36897263,1.52
2024-06-07,2473.17,2476.46,2444.93,2457.26,36436105,1.53
2024-06-11,2444.55,2449.65,2415.11,2423.62,41401549,2.11
2024-06-12,2420.9,2427.84,2412.99,2423.61,37949604,1.48
2024-06-13,2425.92,2426.33,2406.99,2412.07,30851071,1.51
2024-06-14,2405.79,2433.05,2399.99,2426.51,41277966,1.9
2024-06-17,2412.09,2418.94,2408.87,2416.34,37495957,2.1
2024-06-18,2412.55,2424.93,2408.29,2415.43,35338347,1.32
2024-06-19,2410.47,2418.74,2402.96,2413.97,32775291,1.26
2024-06-20,2413.39,2422.7,2405.4,2408.34,32013024,1.62
2024-06-21,2406.22,2411.53,2386.48,2398.96,33202039,3.47
2024-06-24,2383.87,2418.92,2381.28,2404.08,34671331,2.71
2024-06-25,2403.73,2410.14,2384.2,2394.22,34919135,2.19
2024-06-26,2388.5,2404.46,2383.15,2398.26,29859502,1.83
2024-06-27,2391.69,2395.81,2376.66,2388.56,36990570,1.98
2024-06-28,2382.12,2406.36,2381.39,2394.87,39898644,1.58
2024-07-01,2395.2,2407.05,2387.62,2405.47,36281247,1.41
2024-07-02,2400.17,2421.75,2399.52,2416.68,36866949,1.97
2024-07-03,2417.18,2421.08,2405.84,2414.87,32991600,0.8
2024-07-04,2417.28,2428.94,2407.13,2407.9,30511579,1.34
2024-07-05,2405.61,2411.93,2367.02,2386.0,39363439,2.53
2024-07-08,2375.68,2387.89,2368.17,2371.69,35617562,1.47
2024-07-09,2365.93,2396.18,2352.77,2389.38,37504477,2.14
2024-07-10,2378.8,2392.88,2378.54,2381.83,34846258,1.08
2024-07-11,2387.67,2400.23,2378.15,2396.41,38295592,1.37
2024-07-12,2397.73,2414.76,2396.53,2412.62,38157098,2.33
2024-07-15,2405.92,2424.41,2405.52,2420.52,34518607,2.43
2024-07-16,2412.26,2426.59,2406.25,2424.76,35688395,2.57
2024-07-17,2422.88,2439.32,2419.98,2432.83,37750369,2.41
2024-07-18,2426.34,2446.77,2421.49,2444.51,34814046,2.8
2024-07-19,2429.8,2462.74,2417.46,2456.79,41315480,6.36
2024-07-22,2454.24,2454.5,2416.2,2432.55,41829683,2.27
2024-07-23,2429.09,2431.27,2396.67,2396.67,41340681,1.49
2024-07-24,2393.23,2407.11,2383.0,2390.95,39296668,2.09
2024-07-25,2384.63,2387.89,2358.54,2369.72,40846894,2.82
2024-07-26,2364.91,2368.27,2341.45,2355.32,40494016,2.97
2024-07-29,2352.51,2359.98,2343.4,2348.48,33671312,1.2
2024-07-30,2341.91,2341.91,2321.5,2335.31,32432891,3.35
2024-07-31,2332.65,2378.88,2331.56,2375.39,50066642,2.16
2024-08-01,2373.47,2375.79,2360.05,2360.42,39134152,1.28
2024-08-02,2344.42,2360.41,2337.64,2343.72,31827474,1.98
2024-08-05,2334.59,2362.31,2327.75,2328.92,39457458,4.88
2024-08-06,2342.84,2346.3,2296.71,2313.34,34873713,2.82
2024-08-07,2311.91,2330.15,2307.08,2314.43,27145991,1.67
2024-08-08,2310.96,2334.46,2305.89,2320.42,22528936,1.15
2024-08-09,2332.67,2338.24,2317.99,2317.99,25988805,1.51
2024-08-12,2314.26,2323.42,2312.58,2316.91,22194984,0.8
2024-08-13,2318.97,2321.54,2304.6,2317.65,25109218,1.03
2024-08-14,2317.89,2317.89,2305.47,2306.12,22049930,1.17
2024-08-15,2300.48,2343.21,2295.75,2335.94,29315620,2.52
2024-08-16,2335.04,2348.15,2331.08,2345.05,30481578,2.59
2024-08-19,2345.64,2367.41,2345.12,2357.03,30885150,0.97
2024-08-20,2361.18,2361.3,2337.51,2346.64,29898108,2.3
2024-08-21,2341.81,2345.97,2324.71,2339.07,26550899,1.84
2024-08-22,2340.15,2344.99,2332.36,2341.15,31112912,2.01
2024-08-23,2338.66,2361.06,2338.32,2355.38,27900047,1.11
2024-08-26,2356.79,2361.88,2341.23,2352.27,26900476,1.05
2024-08-27,2348.54,2355.57,2345.3,2350.41,30952524,1.62
2024-08-28,2349.52,2352.7,2327.92,2336.15,30092262,2.27
2024-08-29,2329.66,2335.67,2315.49,2317.66,44246295,1.03
2024-08-30,2313.61,2354.63,2311.23,2335.21,63786046,2.3
2024-09-02,2321.15,2326.08,2299.17,2299.93,45499287,1.57
2024-09-03,2299.34,2301.69,2286.02,2291.18,44158877,1.99
2024-09-04,2279.48,2289.39,2268.21,2271.81,35482469,1.52
2024-09-05,2272.98,2281.53,2267.33,2275.12,30352561,1.46
2024-09-06,2276.54,2288.93,2263.32,2263.56,25886004,1.82
2024-09-09,2252.3,2256.0,2226.63,2232.96,34250688,2.13
2024-09-10,2232.83,2240.59,2223.9,2235.69,30184005,1.74
2024-09-11,2228.83,2228.83,2213.82,2220.8,34615529,1.97
2024-09-12,2220.9,2227.73,2208.25,2209.56,28095301,1.48
2024-09-13,2211.15,2222.56,2204.86,2205.81,27098500,1.49
2024-09-18,2206.85,2225.91,2203.98,2218.66,26054620,2.09
2024-09-19,2224.26,2239.98,2199.45,2229.81,34968379,2.21
2024-09-20,2227.35,2237.98,2212.52,2233.26,36902087,4.02
2024-09-23,2233.86,2254.16,2232.28,2243.02,27207257,1.3
2024-09-24,2270.36,2352.32,2257.29,2352.14,60159105,4.23
2024-09-25,2391.28,2426.69,2380.59,2386.32,68403102,3.42
2024-09-26,2389.27,2498.32,2383.51,2498.18,67742963,5.05
2024-09-27,2553.6,2571.08,2512.82,2571.08,64800776,3.22
2024-09-30,2657.55,2778.29,2621.7,2755.4,153324458,7.58
2024-10-08,3016.87,3016.87,2780.03,2853.14,165973235,7.98
2024-10-09,2813.96,2825.74,2674.25,2680.71,124653375,4.74
2024-10-10,2697.29,2801.12,2675.44,2739.05,115891754,4.78
2024-10-11,2718.25,2737.08,2653.62,2680.39,75378019,4.24
2024-10-14,2699.71,2737.27,2672.81,2723.18,80655001,4.01
2024-10-15,2711.67,2726.99,2655.12,2655.12,58314144,3.32
2024-10-16,2629.24,2677.22,2628.95,2650.18,56259713,2.53
2024-10-17,2666.37,2680.06,2610.47,2610.47,49796854,3.28
2024-10-18,2606.38,2722.65,2583.49,2681.91,70198207,4.39
2024-10-21,2694.97,2701.36,2659.67,2681.06,72042226,2.91
2024-10-22,2672.85,2704.35,2672.45,2692.66,52208167,2.69
2024-10-23,2691.13,2728.26,2682.94,2708.05,56076797,3.08
2024-10-24,2695.38,2699.0,2669.71,2680.7,42253335,2.28
2024-10-25,2679.35,2705.33,2671.04,2683.32,46861453,2.0
2024-10-28,2681.51,2686.29,2656.32,2686.29,53474972,1.74
2024-10-29,2689.92,2712.28,2665.42,2667.94,50084286,2.35
2024-10-30,2658.26,2674.37,2624.0,2634.74,44450688,2.15
2024-10-31,2637.21,2654.65,2613.25,2633.12,54529623,2.27
2024-11-01,2629.04,2674.25,2629.04,2651.53,60844392,2.93
2024-11-04,2657.31,2675.77,2636.58,2675.77,43015671,1.51
2024-11-05,2666.86,2727.67,2659.17,2727.67,55642484,3.28
2024-11-06,2730.46,2743.13,2691.73,2706.61,59940818,2.82
2024-11-07,2684.81,2800.61,2683.32,2797.86,67017244,4.18
2024-11-08,2825.91,2833.07,2758.21,2765.54,67861757,3.94
2024-11-11,2736.84,2754.97,2711.76,2753.74,61338658,2.56
2024-11-12,2744.95,2778.89,2701.61,2712.27,60114854,2.85
2024-11-13,2697.19,2737.5,2696.69,2728.23,62644077,2.45
2024-11-14,2719.46,2743.75,2700.2,2704.15,60469571,2.71
2024-11-15,2696.96,2712.88,2671.45,2671.45,70040262,2.96
2024-11-18,2683.49,2725.3,2668.06,2678.27,91045710,2.55
2024-11-19,2679.55,2683.37,2637.85,2671.19,67003018,1.95
2024-11-20,2667.45,2686.38,2657.58,2676.21,45017622,1.81
2024-11-21,2674.43,2686.31,2666.57,2680.8,37202384,1.57
2024-11-22,2679.65,2683.74,2601.55,2601.56,48551764,2.79
2024-11-25,2610.96,2620.03,2568.95,2582.05,45593530,2.81
2024-11-26,2576.81,2607.12,2573.97,2592.74,39931653,1.78
2024-11-27,2588.89,2626.33,2583.47,2625.76,41079054,2.35
2024-11-28,2625.51,2630.8,2598.75,2610.12,34308739,1.94
2024-11-29,2612.23,2660.39,2610.71,2624.96,43001561,2.47
2024-12-02,2621.14,2643.87,2613.62,2639.04,44608836,1.7
2024-12-03,2638.81,2658.15,2626.21,2652.9,47373156,1.7
2024-12-04,2651.79,2660.8,2638.11,2648.76,48088171,1.96
2024-12-05,2637.63,2647.98,2629.63,2635.56,33676521,0.88
2024-12-06,2636.61,2682.69,2636.61,2665.43,43894491,2.05
2024-12-09,2666.29,2686.52,2658.43,2667.59,45926353,1.42
2024-12-10,2741.75,2747.07,2684.72,2689.33,59443899,2.76
2024-12-11,2684.59,2696.01,2671.52,2676.55,40802387,1.43
2024-12-12,2673.94,2704.03,2667.64,2702.27,41273831,1.85
2024-12-13,2684.29,2684.41,2636.97,2638.03,61597705,3.65
2024-12-16,2637.74,2647.7,2635.25,2641.56,54098120,1.77
2024-12-17,2637.35,2672.96,2637.35,2652.35,44279234,2.31
2024-12-18,2662.03,2681.12,2661.9,2671.35,44259056,1.79
2024-12-19,2652.19,2672.58,2642.68,2661.72,40214140,1.19
2024-12-20,2654.85,2670.32,2644.84,2648.46,42493510,2.01
2024-12-23,2648.92,2688.89,2648.92,2671.2,56629099,3.07
2024-12-24,2671.91,2704.58,2666.34,2702.28,46469198,1.82
2024-12-25,2706.57,2726.14,2700.68,2710.16,51010381,2.18
2024-12-26,2709.59,2709.59,2692.87,2702.6,41770736,1.34
2024-12-27,2701.21,2713.84,2686.5,2701.7,44894855,1.3
2024-12-30,2700.22,2724.73,2700.22,2718.75,44994763,1.65
2024-12-31,2715.21,2725.79,2684.77,2684.77,50745554,3.31
2025-01-02,2682.42,2684.25,2595.4,2610.34,61160984,2.63
2025-01-03,2615.35,2620.65,2579.44,2587.13,50804858,1.98
2025-01-06,2589.34,2591.89,2555.93,2579.96,44486402,2.28
2025-01-07,2576.68,2595.66,2566.68,2593.97,39218598,1.39
2025-01-08,2587.53,2611.15,2565.6,2597.45,46257463,2.59
2025-01-09,2595.69,2597.06,2574.6,2579.58,34356506,1.64
2025-01-10,2585.2,2593.09,2560.25,2560.25,36166878,1.97
2025-01-13,2545.38,2561.24,2533.31,2553.36,39699495,1.53
2025-01-14,2556.42,2606.09,2549.17,2598.81,42688184,2.52
2025-01-15,2592.32,2606.07,2587.46,2591.5,41213511,1.38
2025-01-16,2601.12,2614.6,2572.11,2580.12,38987110,1.9
2025-01-17,2572.97,2595.16,2561.97,2582.49,34250232,1.31
2025-01-20,2595.32,2609.65,2585.13,2589.07,36261216,1.38
2025-01-21,2598.83,2599.89,2579.67,2584.89,34366587,1.01
2025-01-22,2580.11,2580.19,2544.26,2551.35,39846158,2.44
2025-01-23,2571.83,2605.86,2564.75,2567.48,51323995,2.82
2025-01-24,2562.87,2594.58,2559.49,2579.1,37663633,2.07
2025-01-27,2582.84,2597.35,2582.09,2583.65,39196764,2.47
2025-02-05,2604.14,2604.32,2556.48,2561.94,43535465,2.4
2025-02-06,2559.83,2585.29,2554.48,2580.43,39895336,1.89
2025-02-07,2578.68,2624.68,2570.18,2608.09,58337411,2.86
2025-02-10,2612.06,2628.39,2606.29,2621.04,56063207,1.28
2025-02-11,2625.18,2626.17,2607.24,2614.32,51712769,1.64
2025-02-12,2611.96,2641.73,2607.27,2640.05,44301409,1.52
2025-02-13,2638.98,2663.79,2635.45,2641.13,46344081,1.97
2025-02-14,2638.21,2662.29,2633.71,2660.85,56371426,1.98
2025-02-17,2665.55,2672.03,2647.45,2664.48,69410594,2.27
2025-02-18,2659.09,2679.82,2644.29,2651.11,65094963,2.21
2025-02-19,2648.36,2673.52,2643.96,2663.6,56214330,1.43
2025-02-20,2659.13,2659.6,2641.91,2648.17,48099429,1.21
2025-02-21,2657.8,2686.33,2649.2,2682.24,68488623,2.04
2025-02-24,2674.69,2692.81,2661.32,2674.12,68521481,2.27
2025-02-25,2654.13,2664.16,2636.9,2643.23,53327168,1.61
2025-02-26,2649.9,2667.02,2645.99,2666.66,51923039,1.45
2025-02-27,2664.32,2681.51,2655.0,2679.08,53673004,1.54
2025-02-28,2670.43,2691.29,2638.96,2638.96,56335229,2.12
2025-03-03,2645.01,2655.31,2619.19,2628.52,49692811,1.63
2025-03-04,2617.92,2629.67,2609.34,2621.22,41851280,1.13
2025-03-05,2623.72,2644.75,2619.79,2641.45,48397500,1.55
2025-03-06,2655.54,2689.45,2655.54,2683.95,57714226,2.53
2025-03-07,2677.57,2695.38,2675.42,2682.02,44317393,1.49
2025-03-10,2682.88,2683.61,2653.03,2668.81,50838623,2.71
2025-03-11,2644.82,2682.22,2644.08,2682.22,42194461,1.31
2025-03-12,2684.72,2686.78,2666.49,2669.01,43449533,1.16
2025-03-13,2670.99,2684.12,2655.33,2664.62,42495068,1.22
2025-03-14,2674.49,2748.1,2674.03,2740.51,65485152,3.29
2025-03-17,2755.49,2755.94,2734.5,2737.92,44380739,1.38
2025-03-18,2749.32,2751.73,2737.01,2739.75,38611198,0.96
2025-03-19,2737.31,2757.62,2733.57,2746.96,46328423,1.32
2025-03-20,2748.29,2749.22,2713.47,2718.19,39710765,1.65
2025-03-21,2712.74,2722.49,2669.79,2675.36,46810782,2.15
2025-03-24,2675.46,2696.34,2675.46,2693.33,44923932,1.35
2025-03-25,2695.3,2698.55,2685.29,2691.9,37096214,1.27
2025-03-26,2692.42,2696.54,2675.7,2677.31,37833189,1.68
2025-03-27,2673.93,2704.74,2673.77,2690.84,36473723,1.44
2025-03-28,2691.67,2692.7,2673.24,2679.74,35920053,1.16
2025-03-31,2676.05,2692.44,2657.3,2665.63,49951364,1.79
2025-04-01,2669.0,2674.11,2659.02,2662.71,40847477,0.97
2025-04-02,2659.1,2669.36,2653.45,2658.62,32168634,0.8
2025-04-03,2631.47,2671.71,2631.47,2662.25,42173571,1.46
2025-04-07,2555.71,2579.6,2457.08,2516.97,102701231,7.86
2025-04-08,2526.51,2574.35,2510.64,2574.35,90153523,7.55
2025-04-09,2548.49,2597.1,2541.55,2597.1,77718696,3.19
2025-04-10,2628.52,2628.52,2590.76,2612.62,61119831,1.86
2025-04-11,2620.77,2621.16,2595.5,2619.58,44939276,2.35
2025-04-14,2623.57,2636.79,2615.39,2628.21,45123283,0.98
2025-04-15,2624.2,2637.75,2615.37,2634.59,42005386,2.17
2025-04-16,2639.2,2661.78,2616.87,2658.5,51224732,4.91
2025-04-17,2648.05,2661.8,2639.97,2659.9,37879985,2.48
2025-04-18,2648.66,2666.27,2645.87,2657.64,30353172,2.76
2025-04-21,2655.54,2671.34,2652.65,2652.81,34411982,1.34
2025-04-22,2651.49,2667.84,2650.33,2656.54,37220822,1.3
2025-04-23,2662.93,2664.47,2646.36,2648.83,33046358,1.05
2025-04-24,2648.77,2665.73,2648.76,2655.36,31252679,1.26
2025-04-25,2660.16,2663.35,2643.4,2648.81,32380960,1.41
2025-04-28,2643.14,2658.46,2636.41,2651.23,32909451,1.1
2025-04-29,2650.43,2655.34,2639.8,2645.51,28042631,0.82
2025-04-30,2646.06,2651.3,2631.84,2633.16,43217657,1.18
2025-05-06,2650.46,2650.46,2633.41,2647.72,40705260,1.07
2025-05-07,2685.56,2685.56,2656.2,2670.7,47055825,2.59
2025-05-08,2661.27,2695.78,2658.67,2679.51,33449077,1.69
2025-05-09,2676.12,2689.6,2676.12,2684.01,32778706,1.09
2025-05-12,2688.75,2710.61,2681.96,2702.62,39123990,1.54
2025-05-13,2713.11,2713.11,2702.06,2708.06,39965507,1.22
2025-05-14,2708.56,2766.25,2708.42,2753.79,46485155,2.66
2025-05-15,2748.54,2758.08,2735.9,2740.3,37878448,1.72
2025-05-16,2734.74,2739.06,2706.47,2716.66,37006336,1.46
2025-05-19,2710.32,2716.86,2701.25,2705.09,26951611,0.99
2025-05-20,2710.39,2729.76,2710.39,2716.63,29309796,0.78
2025-05-21,2716.84,2740.77,2716.84,2728.43,31426341,0.91
2025-05-22,2725.45,2738.24,2718.79,2733.63,27835070,0.52
2025-05-23,2731.18,2742.12,2711.85,2711.85,33668536,1.07
2025-05-26,2708.22,2719.7,2692.68,2699.42,30713381,1.01
2025-05-27,2699.69,2709.29,2684.71,2685.28,27096687,0.89
2025-05-28,2686.73,2691.48,2681.86,2683.06,25171734,0.71
2025-05-29,2684.49,2703.99,2677.81,2690.89,27471836,1.87
2025-05-30,2688.96,2696.14,2669.17,2678.7,32151692,1.88
2025-06-03,2674.77,2697.39,2671.34,2687.3,33608484,1.06
2025-06-04,2688.74,2699.67,2687.3,2690.82,27603830,0.68
2025-06-05,2692.54,2695.88,2682.54,2692.13,30779056,0.88
2025-06-06,2691.63,2700.81,2685.25,2688.85,29849881,1.08
2025-06-09,2689.73,2698.36,2681.69,2686.83,35686891,1.51
2025-06-10,2690.87,2700.18,2670.15,2676.4,41460515,1.95
2025-06-11,2676.67,2704.45,2676.67,2692.14,35573426,1.24
2025-06-12,2689.68,2696.78,2674.31,2691.28,34480625,0.83
2025-06-13,2684.88,2690.35,2669.11,2676.43,47991048,1.38
2025-06-16,2666.82,2687.11,2664.43,2685.01,39935905,1.23
2025-06-17,2685.39,2688.61,2672.68,2683.95,33121607,1.21
2025-06-18,2685.47,2690.9,2668.87,2679.92,36667203,0.91
2025-06-19,2678.36,2680.87,2658.49,2665.52,37645030,1.71
2025-06-20,2661.21,2681.53,2661.21,2673.72,36316506,1.67
2025-06-23,2664.64,2692.91,2656.68,2684.78,42959546,1.6
2025-06-24,2685.85,2731.18,2685.85,2715.92,49028263,2.04
2025-06-25,2714.63,2750.39,2707.4,2747.73,50864894,2.07
2025-06-26,2740.23,2747.61,2734.95,2738.47,42840625,1.26
2025-06-27,2738.93,2749.55,2705.78,2707.57,57081832,1.56
2025-06-30,2702.12,2716.3,2695.42,2711.99,38305020,1.68
2025-07-01,2714.97,2721.4,2708.19,2717.71,33030057,0.93
2025-07-02,2720.85,2729.71,2711.6,2722.55,35177495,0.88
2025-07-03,2726.11,2728.17,2713.97,2724.55,32268510,0.48
2025-07-04,2722.18,2761.92,2715.55,2740.44,39311129,1.2
2025-07-07,2736.01,2736.26,2723.96,2731.53,29319003,0.61
2025-07-08,2732.05,2750.46,2730.19,2747.19,34080449,0.97
2025-07-09,2746.14,2759.06,2739.21,2739.92,47838115,0.86
2025-07-10,2739.23,2777.42,2739.23,2756.93,54142012,1.19
2025-07-11,2754.66,2805.56,2754.66,2756.77,76454518,2.66
2025-07-14,2761.48,2774.23,2757.81,2757.81,51490402,1.11
2025-07-15,2758.72,2765.5,2731.32,2747.23,41172447,1.34
2025-07-16,2748.17,2754.06,2729.91,2740.9,34245931,0.95
2025-07-17,2737.35,2744.74,2732.35,2744.26,36151094,0.81
2025-07-18,2746.33,2768.9,2746.33,2764.52,42130803,1.44
2025-07-21,2770.36,2777.05,2763.35,2772.24,49954337,1.22
2025-07-22,2773.4,2795.49,2760.31,2792.18,68310030,1.4
2025-07-23,2798.96,2824.86,2794.81,2801.2,67929831,1.54
2025-07-24,2797.26,2819.13,2791.78,2812.44,60282800,1.14
2025-07-25,2807.63,2810.11,2788.19,2795.51,51692557,1.22
2025-07-28,2799.26,2811.24,2788.02,2802.77,49737265,1.3
2025-07-29,2802.78,2813.74,2795.6,2808.59,47051664,1.11
2025-07-30,2809.44,2842.47,2802.74,2819.35,52185198,1.75
2025-07-31,2807.3,2807.94,2766.93,2775.99,61515847,2.01
2025-08-01,2771.76,2780.16,2749.46,2754.13,48962531,1.75
2025-08-04,2748.62,2769.39,2748.62,2769.39,41967961,1.02
2025-08-05,2773.38,2794.6,2768.02,2790.73,41264765,1.54
2025-08-06,2789.27,2800.76,2787.54,2797.42,41182917,0.7
2025-08-07,2797.71,2808.92,2787.83,2798.31,42338294,0.86
2025-08-08,2795.78,2801.08,2784.38,2789.17,38923878,0.62
2025-08-11,2791.35,2800.89,2783.65,2789.9,43484703,1.36
2025-08-12,2791.2,2816.59,2791.2,2807.01,42603267,1.3
2025-08-13,2809.05,2828.86,2806.66,2812.98,54720114,1.57
2025-08-14,2815.49,2858.01,2815.49,2829.47,50008770,1.97
2025-08-15,2821.97,2847.61,2813.09,2832.88,71117777,2.87
2025-08-18,2843.09,2861.98,2832.46,2838.87,73385466,2.33
2025-08-19,2843.28,2858.41,2812.3,2812.42,62843222,1.7
2025-08-20,2808.44,2848.03,2799.4,2846.99,58597343,2.13
2025-08-21,2853.79,2872.96,2850.63,2862.18,65309499,1.86
2025-08-22,2868.59,2928.88,2868.59,2928.61,67741563,2.69
2025-08-25,2950.65,2989.85,2943.98,2989.85,86358967,2.52
2025-08-26,2975.7,2985.54,2964.21,2969.78,54565823,1.54
2025-08-27,2974.41,2983.02,2918.38,2918.38,71005356,2.11
2025-08-28,2918.53,2963.07,2906.65,2960.73,65993248,2.44
2025-08-29,2954.93,2989.0,2954.93,2976.47,84761466,2.64
2025-09-01,2986.65,2988.55,2965.45,2981.2,72800163,2.01
2025-09-02,2983.72,3006.46,2967.52,2992.88,77445856,1.66
2025-09-03,2995.46,3002.18,2939.81,2960.99,63723571,2.38
2025-09-04,2949.97,2949.97,2879.41,2910.47,91920544,3.18
2025-09-05,2908.51,2949.82,2899.69,2942.22,62380387,1.38
2025-09-08,2940.98,2953.91,2926.39,2939.88,67340772,1.14
2025-09-09,2928.53,2949.54,2915.04,2928.63,55723378,1.81
2025-09-10,2928.11,2954.44,2923.56,2939.59,56404895,0.98
2025-09-11,2925.66,2983.2,2917.81,2983.08,68326502,2.78
2025-09-12,2986.02,2998.98,2964.58,2968.54,61709804,1.48
2025-09-15,2976.35,2984.86,2957.72,2962.62,52551778,1.15
2025-09-16,2969.23,2974.95,2942.3,2947.82,57639416,1.37
2025-09-17,2942.88,2960.31,2935.78,2952.78,56668537,1.23
2025-09-18,2959.39,2971.56,2890.6,2912.83,74860029,2.77
2025-09-19,2914.36,2930.47,2906.17,2909.74,57236551,1.39
2025-09-22,2911.02,2929.52,2901.12,2922.18,46979876,1.34
2025-09-23,2917.99,2938.12,2891.78,2919.51,62896875,2.35
2025-09-24,2908.07,2942.59,2908.07,2939.51,51462065,1.72
2025-09-25,2944.73,2962.18,2941.87,2952.74,54322268,1.18
2025-09-26,2941.17,2962.75,2938.32,2941.02,48141612,0.99
2025-09-29,2940.04,3000.48,2922.01,2973.04,70632299,2.68
2025-09-30,2985.1,2992.54,2976.59,2988.94,59065266,1.18
2025-10-09,3004.45,3030.72,2984.83,3020.6,76369809,1.43
2025-10-10,3000.56,3012.59,2966.58,2974.85,67283722,1.98
2025-10-13,2917.88,2972.19,2917.88,2967.21,70163467,1.14
2025-10-14,2986.58,2996.68,2949.91,2961.1,86183399,2.41
2025-10-15,2962.75,3003.0,2958.45,3001.35,63376996,1.71
2025-10-16,2994.22,3028.57,2992.55,3019.2,63410921,1.8
2025-10-17,3017.43,3022.81,2963.94,2967.77,62678056,2.22
2025-10-20,2984.31,2995.02,2967.69,2974.86,53180976,1.92
2025-10-21,2983.28,3014.1,2979.12,3007.26,55301752,1.81
2025-10-22,2987.35,3015.17,2987.35,3010.1,51417563,1.68
2025-10-23,3002.0,3030.8,2985.43,3026.9,60206654,1.22
2025-10-24,3031.92,3052.82,3028.38,3045.82,55120382,1.45
2025-10-27,3064.38,3078.78,3052.4,3069.53,70405039,2.01
2025-10-28,3059.88,3075.25,3044.56,3050.42,54626241,1.66
2025-10-29,3049.45,3064.56,3048.59,3063.02,60144586,1.34
2025-10-30,3053.79,3076.87,3043.57,3046.61,65736103,2.09
2025-10-31,3046.18,3046.24,3011.55,3011.55,69318922,2.25
2025-11-03,3009.16,3017.45,2990.28,3016.35,54900375,2.14
2025-11-04,3014.83,3029.92,2999.25,3012.97,55980900,2.11
2025-11-05,2985.76,3018.35,2981.82,3007.97,46871754,1.22
2025-11-06,3015.35,3049.49,3012.44,3044.74,50629447,1.36
2025-11-07,3036.01,3050.01,3034.72,3038.35,47669347,0.95
2025-11-10,3043.51,3054.55,3030.23,3053.86,49079644,0.94
2025-11-11,3059.76,3060.28,3023.92,3034.63,41042551,1.09
2025-11-12,3035.03,3059.95,3035.03,3044.3,57517235,1.18
2025-11-13,3044.92,3075.21,3044.92,3073.67,54126408,1.06
2025-11-14,3058.12,3073.71,3037.88,3038.43,48802756,0.91
2025-11-17,3033.02,3037.23,3001.2,3012.07,48233902,1.62
2025-11-18,3005.74,3023.03,2995.17,3003.02,43587327,1.41
2025-11-19,3004.65,3033.22,3004.2,3020.35,48200355,1.51
2025-11-20,3030.04,3038.91,3004.24,3008.29,54043554,0.82
2025-11-21,2989.87,2998.81,2953.46,2955.85,60393126,1.68
2025-11-24,2967.16,2970.2,2942.29,2950.56,50801706,1.31
2025-11-25,2963.69,2974.77,2952.35,2968.2,42405177,1.21
2025-11-26,2969.78,2979.98,2968.02,2971.8,40057977,0.99
2025-11-27,2976.08,2988.2,2965.55,2972.27,39287797,1.38
2025-11-28,2969.23,2973.32,2954.71,2969.62,37274314,1.25
2025-12-01,2975.27,2994.45,2972.79,2993.68,46519461,1.6
2025-12-02,2992.38,2994.71,2970.95,2978.47,33481828,1.02
2025-12-03,2976.11,2983.61,2957.79,2963.08,38519732,1.01
2025-12-04,2968.56,2980.24,2958.61,2974.34,36282556,0.91
2025-12-05,2970.62,3010.72,2969.09,3002.01,44603491,1.41
2025-12-08,3006.63,3030.57,3005.38,3019.36,44895792,1.68
2025-12-09,3012.24,3015.45,2991.65,2997.96,43425923,1.18
2025-12-10,2994.15,2996.21,2970.59,2988.64,41511589,1.17
2025-12-11,2995.63,2998.98,2966.18,2977.03,39399027,1.04
2025-12-12,2981.97,2994.87,2965.69,2994.64,57188912,1.34
2025-12-15,2979.76,3015.39,2978.13,2987.07,38490227,1.1
2025-12-16,2980.94,2986.08,2946.6,2954.79,38302165,1.67
2025-12-17,2955.47,3005.87,2948.74,2991.68,38500743,1.88
2025-12-18,2983.77,3002.02,2980.95,2998.52,32545683,0.8
2025-12-19,2993.93,3016.38,2987.71,3004.34,36605533,1.84
2025-12-22,3010.8,3025.55,3010.8,3020.23,34728192,1.15
2025-12-23,3023.91,3041.67,3019.61,3027.52,35889709,1.53
2025-12-24,3028.37,3032.01,3012.2,3025.18,31799441,1.41
2025-12-25,3020.91,3039.54,3018.58,3032.84,28270647,0.95
2025-12-26,3032.47,3057.95,3031.26,3045.4,34100689,1.52
2025-12-29,3048.98,3057.36,3030.38,3034.63,43153415,1.03
2025-12-30,3023.32,3049.32,3022.28,3036.55,38538285,1.11
2025-12-31,3038.6,3051.43,3026.49,3031.13,37358980,1.93
2026-01-05,3052.13,3105.4,3052.13,3099.75,53501398,1.7
2026-01-06,3106.52,3158.76,3106.09,3158.76,57494272,1.37
2026-01-07,3162.02,3162.44,3132.23,3145.12,52139422,1.3
2026-01-08,3137.81,3142.85,3107.02,3122.06,53427374,1.09
2026-01-09,3121.16,3146.73,3112.46,3134.32,60149277,1.28
2026-01-12,3146.51,3148.11,3125.17,3143.74,64461913,1.16
2026-01-13,3150.73,3177.74,3123.17,3132.93,63160096,1.94
2026-01-14,3136.84,3169.75,3106.13,3112.07,71957426,2.52
2026-01-15,3104.33,3130.99,3097.11,3105.58,54417665,7.72
2026-01-16,3117.93,3127.85,3066.09,3079.76,72454154,7.38
2026-01-19,3077.81,3094.97,3065.94,3075.94,55866599,4.82
2026-01-20,3077.94,3090.09,3058.61,3070.65,60002533,5.22
2026-01-21,3073.77,3097.66,3060.65,3067.18,65664880,11.39
